row_idx,col,y_true,y_pred,delta_score
0,subject_entity,1,1,0.02687301825109678
0,subject_type,1,-1,0.0
0,subject_location,1,-1,0.0
0,value,1,-1,-0.1343480525310783
0,claim_domain,1,-1,0.0
1,subject_entity,1,-1,-0.7041970167465301
1,subject_type,1,-1,0.0
1,subject_location,1,-1,0.0
1,value,1,-1,0.0
1,claim_domain,1,-1,0.0
2,subject_entity,1,-1,0.0
2,subject_type,1,-1,0.0
2,subject_location,1,1,2.6764448616868783
2,value,1,1,0.07061756721395263
2,claim_domain,1,-1,0.0
3,subject_entity,1,-1,-0.7308875085427928
3,subject_type,1,-1,0.0
3,subject_location,1,1,1.9819862055291226
3,value,1,-1,-1.2114916367399635
3,claim_domain,1,-1,0.0
4,subject_entity,1,1,0.6359887667199962
4,subject_type,1,-1,0.0
4,subject_location,1,1,0.3934889170614486
4,value,1,1,0.34174929372205654
4,claim_domain,1,-1,0.0
5,subject_entity,1,-1,-0.6931471805599454
5,subject_type,1,-1,0.0
5,subject_location,1,-1,-0.45953232937844035
5,value,1,1,0.10536051565782678
5,claim_domain,1,-1,0.0
6,subject_entity,1,-1,-3.2771447329921752
6,subject_type,1,-1,0.0
6,subject_location,1,1,1.1139972075075892
6,value,1,-1,-2.069391205826335
6,claim_domain,1,-1,0.0
7,subject_entity,1,1,2.5839975524322307
7,subject_type,1,-1,0.0
7,subject_location,1,-1,-0.9614111671546253
7,value,1,-1,-0.07447609290148272
7,claim_domain,1,-1,0.0
8,subject_entity,1,1,0.4035364672017572
8,subject_type,1,1,0.9736312784893997
8,subject_location,1,-1,-1.1732738174371296
8,value,1,1,2.4183458832696614
8,claim_domain,1,-1,0.0
9,subject_entity,1,1,0.32047189527477205
9,subject_type,1,-1,-1.0192755464315884
9,subject_location,1,1,1.3791258716412775
9,value,1,1,0.12629372532429262
9,claim_domain,1,-1,0.0
10,subject_entity,1,1,0.6747304537737149
10,subject_type,1,-1,0.0
10,subject_location,1,1,1.8899514954072707
10,value,1,1,1.0033021088637852
10,claim_domain,1,-1,0.0
11,subject_entity,1,-1,-2.9195709125884273
11,subject_type,1,-1,0.0
11,subject_location,1,-1,-0.17159095444886763
11,value,1,1,0.07534943724178689
11,claim_domain,1,-1,0.0
12,subject_entity,1,1,0.4054651081081655
12,subject_type,1,1,0.9736312784893997
12,subject_location,1,-1,-0.7236063880446535
12,value,1,1,0.519124426580686
12,claim_domain,1,-1,0.0
13,subject_entity,1,-1,-0.5679840376059397
13,subject_type,1,1,0.9736312784893997
13,subject_location,1,1,0.25423413838424125
13,value,1,1,0.1562806060850832
13,claim_domain,1,-1,0.0
14,subject_entity,1,1,2.6931245508855337
14,subject_type,1,-1,-1.0192755464315884
14,subject_location,1,-1,-0.8026657063664349
14,value,1,1,1.3316359485820266
14,claim_domain,1,-1,0.0
15,subject_entity,1,-1,-0.5721945701422824
15,subject_type,1,-1,-1.0192755464315884
15,subject_location,1,1,0.9897182004289728
15,value,1,1,0.12604072089536533
15,claim_domain,1,-1,0.0
16,subject_entity,1,-1,-1.1480923459314791
16,subject_type,1,-1,-1.0192755464315884
16,subject_location,1,1,1.1267831656348068
16,value,1,-1,-0.19105523676270852
16,claim_domain,1,-1,0.0
17,subject_entity,1,1,1.1045470241879247
17,subject_type,1,-1,-1.0192755464315884
17,subject_location,1,-1,-1.4109869737102612
17,value,1,-1,-1.6843392206072183
17,claim_domain,1,-1,0.0
18,subject_entity,1,1,0.8216255053330768
18,subject_type,1,-1,0.0
18,subject_location,1,1,0.4004775665971252
18,value,1,1,0.03774032798284743
18,claim_domain,1,-1,0.0
19,subject_entity,1,1,0.912115360463674
19,subject_type,1,-1,0.0
19,subject_location,1,1,0.5156333253340932
19,value,1,-1,-0.4430030274272303
19,claim_domain,1,-1,0.0
20,subject_entity,1,-1,-1.576337964007755
20,subject_type,1,-1,0.0
20,subject_location,1,1,0.30661927347153206
20,value,1,1,1.2992829841302607
20,claim_domain,1,-1,0.0
21,subject_entity,1,-1,-0.3671462438060278
21,subject_type,1,-1,0.0
21,subject_location,1,-1,-1.8091512119399233
21,value,1,-1,-1.8458266904983303
21,claim_domain,1,-1,0.0
22,subject_entity,1,1,0.8387871707192947
22,subject_type,1,-1,0.0
22,subject_location,1,1,0.5260930958967798
22,value,1,1,0.3715635564324833
22,claim_domain,1,-1,0.0
23,subject_entity,1,1,0.16532398042538343
23,subject_type,1,-1,-1.0192755464315884
23,subject_location,1,1,0.9493998904814331
23,value,1,1,0.835421236224624
23,claim_domain,1,-1,0.0
24,subject_entity,1,-1,-1.5986658154521898
24,subject_type,1,-1,-1.0192755464315884
24,subject_location,1,1,0.662994142389258
24,value,1,-1,-0.19464204118199468
24,claim_domain,1,-1,0.0
25,subject_entity,1,-1,-2.955654049986581
25,subject_type,1,1,0.9736312784893997
25,subject_location,1,1,2.4402744957672313
25,value,1,-1,-1.5520058633482243
25,claim_domain,1,-1,0.0
26,subject_entity,1,1,1.3017369730918276
26,subject_type,1,-1,0.0
26,subject_location,1,-1,-1.2602536402245264
26,value,1,1,0.44008907267421193
26,claim_domain,1,-1,0.0
27,subject_entity,1,1,1.354545662805311
27,subject_type,1,1,0.9736312784893997
27,subject_location,1,1,1.6661332561106459
27,value,1,1,2.4811115788194495
27,claim_domain,1,-1,0.0
28,subject_entity,1,-1,-0.4877032063451363
28,subject_type,1,1,0.9736312784893997
28,subject_location,1,-1,-0.45783309362547975
28,value,1,1,1.4087672169719498
28,claim_domain,1,-1,0.0
29,subject_entity,1,-1,-0.6493445579015518
29,subject_type,1,-1,0.0
29,subject_location,1,1,1.895556262909699
29,value,1,-1,-0.7196739348933736
29,claim_domain,1,-1,0.0
30,subject_entity,1,-1,-0.23947997063390414
30,subject_type,1,-1,0.0
30,subject_location,1,-1,-1.203972804325936
30,value,1,1,0.17095779814363876
30,claim_domain,1,-1,0.0
31,subject_entity,1,-1,-0.07095173597228488
31,subject_type,1,-1,0.0
31,subject_location,1,1,1.6780005838713965
31,value,1,1,0.36396537720141175
31,claim_domain,1,-1,0.0
32,subject_entity,1,1,3.1832486472250503
32,subject_type,1,1,0.9736312784894015
32,subject_location,1,1,0.8359179367244423
32,value,1,-1,-0.4279379639602219
32,claim_domain,1,-1,0.0
33,subject_entity,1,-1,-0.2406760300758517
33,subject_type,1,-1,0.0
33,subject_location,1,1,0.7476070976923257
33,value,1,1,0.685542581174726
33,claim_domain,1,-1,0.0
34,subject_entity,1,-1,-0.22705745063534621
34,subject_type,1,1,0.9736312784894015
34,subject_location,1,1,0.6751286750572678
34,value,1,1,1.303406701314124
34,claim_domain,1,-1,0.0
35,subject_entity,1,-1,0.0
35,subject_type,1,-1,0.0
35,subject_location,1,-1,0.0
35,value,1,1,0.20829704319721554
35,claim_domain,1,-1,0.0
36,subject_entity,1,1,0.8944319380616568
36,subject_type,1,-1,-1.0192755464315884
36,subject_location,1,-1,-1.5735059032080354
36,value,1,1,1.0296194171811592
36,claim_domain,1,-1,0.0
37,subject_entity,1,1,2.6817822742816
37,subject_type,1,-1,0.0
37,subject_location,1,1,0.012422519998557036
37,value,1,-1,-0.29571424414904524
37,claim_domain,1,-1,0.0
38,subject_entity,1,1,1.3342379991638387
38,subject_type,1,-1,-1.0192755464315884
38,subject_location,1,-1,-0.27131509498757467
38,value,1,-1,-0.5080047474243488
38,claim_domain,1,-1,0.0
39,subject_entity,1,-1,-0.4618180446592959
39,subject_type,1,-1,0.0
39,subject_location,1,-1,-0.7855205006909607
39,value,1,1,0.39749693845898726
39,claim_domain,1,-1,0.0
40,subject_entity,1,1,0.8501509293696108
40,subject_type,1,-1,0.0
40,subject_location,1,-1,-0.12799400117853033
40,value,1,-1,-0.8043728156701695
40,claim_domain,1,-1,0.0
41,subject_entity,1,-1,-0.1453100918171355
41,subject_type,1,-1,0.0
41,subject_location,1,-1,-0.2445984863154691
41,value,1,-1,-0.5108256237659909
41,claim_domain,1,-1,0.0
42,subject_entity,1,-1,-0.9910707470639224
42,subject_type,1,1,0.9736312784894001
42,subject_location,1,-1,-0.7818752961686286
42,value,1,-1,-0.673878761694068
42,claim_domain,1,-1,0.0
43,subject_entity,1,-1,-0.03357629553360386
43,subject_type,1,-1,0.0
43,subject_location,1,1,0.28043040905646066
43,value,1,-1,-0.1515498981272012
43,claim_domain,1,-1,0.0
44,subject_entity,1,-1,-1.5653425925688764
44,subject_type,1,-1,0.0
44,subject_location,1,-1,-0.4769240720903096
44,value,1,-1,-0.9302769738488954
44,claim_domain,1,-1,0.0
45,subject_entity,1,-1,-1.8555709819730093
45,subject_type,1,-1,0.0
45,subject_location,1,-1,-0.271315094987576
45,value,1,-1,-2.0914657346466377
45,claim_domain,1,-1,0.0
46,subject_entity,1,-1,-0.4222722264245462
46,subject_type,1,-1,-1.0192755464315884
46,subject_location,1,1,0.06701071028296024
46,value,1,-1,-0.7731898882334809
46,claim_domain,1,-1,0.0
47,subject_entity,1,1,2.3632097148104787
47,subject_type,1,-1,0.0
47,subject_location,1,-1,0.0
47,value,1,1,1.4190841839428803
47,claim_domain,1,-1,0.0
48,subject_entity,1,-1,-0.38441169891033233
48,subject_type,1,1,0.9736312784893997
48,subject_location,1,-1,-0.8602012652231119
48,value,1,-1,-0.7873343956196459
48,claim_domain,1,-1,0.0
49,subject_entity,1,-1,-0.24014112768278117
49,subject_type,1,-1,0.0
49,subject_location,1,1,0.06701071028296024
49,value,1,-1,-1.2868088099050858
49,claim_domain,1,-1,0.0
50,subject_entity,1,-1,-0.576613364303995
50,subject_type,1,-1,0.0
50,subject_location,1,1,0.6831968497067766
50,value,1,-1,-0.37948962170490397
50,claim_domain,1,-1,0.0
51,subject_entity,1,1,0.1981769285837487
51,subject_type,1,-1,-1.0192755464315884
51,subject_location,1,1,0.5371429320833645
51,value,1,-1,-1.2388416299767595
51,claim_domain,1,-1,0.0
52,subject_entity,1,1,0.3150810466398948
52,subject_type,1,-1,-1.0192755464315892
52,subject_location,1,1,0.21597506183559645
52,value,1,-1,-1.2222262446352872
52,claim_domain,1,-1,0.0
53,subject_entity,1,-1,-0.0490561569891943
53,subject_type,1,-1,-1.0192755464315888
53,subject_location,1,-1,-0.9985288301111273
53,value,1,-1,-2.322387720290225
53,claim_domain,1,-1,0.0
54,subject_entity,1,1,0.6675703387702949
54,subject_type,1,1,0.9736312784893997
54,subject_location,1,-1,-1.5664205273504095
54,value,1,1,0.0840831172105414
54,claim_domain,1,-1,0.0
55,subject_entity,1,-1,-0.43108227247846465
55,subject_type,1,-1,0.0
55,subject_location,1,-1,-1.9641754970326075
55,value,1,-1,-0.5379065823686617
55,claim_domain,1,-1,0.0
56,subject_entity,1,-1,-0.028039220064393078
56,subject_type,1,-1,0.0
56,subject_location,1,1,0.38459996964420284
56,value,1,-1,-0.2231435513142106
56,claim_domain,1,-1,0.0
57,subject_entity,1,1,0.07970674261074251
57,subject_type,1,-1,-1.0192755464315884
57,subject_location,1,1,0.054067221270275745
57,value,1,-1,-0.8260204619399181
57,claim_domain,1,-1,0.0
58,subject_entity,1,1,1.2729656758128867
58,subject_type,1,-1,0.0
58,subject_location,1,1,3.765068592471483
58,value,1,-1,-0.23383884043095904
58,claim_domain,1,-1,0.0
59,subject_entity,1,-1,-0.8520882887098367
59,subject_type,1,-1,0.0
59,subject_location,1,-1,-1.5643696270323941
59,value,1,-1,-2.1400661634962708
59,claim_domain,1,-1,0.0
60,subject_entity,1,1,0.01851904776723856
60,subject_type,1,-1,0.0
60,subject_location,1,-1,-0.5218754599525752
60,value,1,1,0.7451069194906568
60,claim_domain,1,-1,0.0
61,subject_entity,1,1,3.2580965380214817
61,subject_type,1,-1,0.0
61,subject_location,1,-1,-0.6832948841169326
61,value,1,1,0.019544596072972098
61,claim_domain,1,-1,0.0
62,subject_entity,1,-1,-0.1870721595525522
62,subject_type,1,-1,0.0
62,subject_location,1,1,2.0614230361771577
62,value,1,1,0.2343168519123351
62,claim_domain,1,-1,0.0
63,subject_entity,1,1,2.427748235948052
63,subject_type,1,-1,0.0
63,subject_location,1,-1,-0.18632957819149354
63,value,1,-1,-1.9178709289909204
63,claim_domain,1,-1,0.0
64,subject_entity,1,-1,-1.1064248284049034
64,subject_type,1,-1,0.0
64,subject_location,1,-1,-0.9507419606284007
64,value,1,-1,-1.3168658546881282
64,claim_domain,1,-1,0.0
65,subject_entity,1,1,0.1920068625284177
65,subject_type,1,-1,-1.0192755464315892
65,subject_location,1,1,1.4144652380865868
65,value,1,1,1.4816045409242156
65,claim_domain,1,-1,0.0
66,subject_entity,1,-1,-0.2356257104957269
66,subject_type,1,-1,0.0
66,subject_location,1,-1,-0.4240185160039118
66,value,1,-1,-1.725068094729382
66,claim_domain,1,-1,0.0
67,subject_entity,1,1,0.04401688541677551
67,subject_type,1,-1,0.0
67,subject_location,1,-1,-0.3112778930484623
67,value,1,1,0.9808292530117271
67,claim_domain,1,-1,0.0
68,subject_entity,1,1,0.5925036547802573
68,subject_type,1,-1,0.0
68,subject_location,1,1,0.5306282510621703
68,value,1,1,0.11778303565638382
68,claim_domain,1,-1,0.0
69,subject_entity,1,1,0.38299225225610556
69,subject_type,1,-1,0.0
69,subject_location,1,1,0.12107793155323598
69,value,1,1,0.6104554647148319
69,claim_domain,1,-1,0.0
70,subject_entity,1,1,0.09252336889714563
70,subject_type,1,-1,0.0
70,subject_location,1,1,2.090098836153824
70,value,1,-1,-1.1169614273363058
70,claim_domain,1,-1,0.0
71,subject_entity,1,1,0.29987734554559875
71,subject_type,1,-1,0.0
71,subject_location,1,1,2.0129964422716826
71,value,1,-1,-0.43466426280042647
71,claim_domain,1,-1,0.0
72,subject_entity,1,1,1.69938614909704
72,subject_type,1,-1,0.0
72,subject_location,1,-1,-0.007168489478612372
72,value,1,-1,-0.5172565140962808
72,claim_domain,1,-1,0.0
73,subject_entity,1,1,0.6720937713621127
73,subject_type,1,-1,0.0
73,subject_location,1,-1,-0.26537631493748304
73,value,1,1,0.25187261975507
73,claim_domain,1,-1,0.0
74,subject_entity,1,-1,-0.4221599866803345
74,subject_type,1,-1,0.0
74,subject_location,1,1,0.11778303565638382
74,value,1,-1,-1.4985979310116484
74,claim_domain,1,-1,0.0
75,subject_entity,1,-1,-0.4519851237430572
75,subject_type,1,-1,0.0
75,subject_location,1,-1,-0.5733459807473249
75,value,1,1,0.3718267489593341
75,claim_domain,1,-1,0.0
76,subject_entity,1,1,2.7080502011022096
76,subject_type,1,-1,-1.0192755464315892
76,subject_location,1,-1,-0.5191938734365076
76,value,1,1,0.2521753839948717
76,claim_domain,1,-1,0.0
77,subject_entity,1,1,2.547707551027031
77,subject_type,1,-1,0.0
77,subject_location,1,-1,-0.35667494393873245
77,value,1,1,1.001190175660641
77,claim_domain,1,-1,0.0
78,subject_entity,1,-1,-1.8199303461947514
78,subject_type,1,-1,0.0
78,subject_location,1,-1,-0.06648974126883278
78,value,1,-1,-2.5168000135639534
78,claim_domain,1,-1,0.0
79,subject_entity,1,-1,-1.0560526742493144
79,subject_type,1,1,0.9736312784893997
79,subject_location,1,-1,-3.6959969218827995
79,value,1,-1,-0.15093524297328376
79,claim_domain,1,-1,0.0
80,subject_entity,1,1,1.022450927702546
80,subject_type,1,-1,0.0
80,subject_location,1,1,1.0116009116784799
80,value,1,-1,-1.255181349359649
80,claim_domain,1,-1,0.0
81,subject_entity,1,1,0.3067302674224752
81,subject_type,1,-1,-1.0192755464315884
81,subject_location,1,1,0.012320484388039787
81,value,1,-1,-0.2797392189378449
81,claim_domain,1,-1,0.0
82,subject_entity,1,1,0.560628446249809
82,subject_type,1,-1,0.0
82,subject_location,1,1,0.342141989584162
82,value,1,-1,-0.1031842362352311
82,claim_domain,1,-1,0.0
83,subject_entity,1,1,2.7263993397704063
83,subject_type,1,-1,0.0
83,subject_location,1,1,0.35214207291874544
83,value,1,1,0.3833647611074982
83,claim_domain,1,-1,0.0
84,subject_entity,1,1,0.4054651081081637
84,subject_type,1,-1,0.0
84,subject_location,1,-1,-0.7236063880446544
84,value,1,1,0.8109302162163283
84,claim_domain,1,-1,0.0
85,subject_entity,1,-1,-0.056089466651044084
85,subject_type,1,-1,0.0
85,subject_location,1,1,0.9574089788036284
85,value,1,-1,-0.6431367599852846
85,claim_domain,1,-1,0.0
86,subject_entity,1,1,1.075355426503842
86,subject_type,1,-1,0.0
86,subject_location,1,-1,-0.3016151667557043
86,value,1,1,2.1870722058722016
86,claim_domain,1,-1,0.0
87,subject_entity,1,1,0.5662164719667748
87,subject_type,1,-1,0.0
87,subject_location,1,1,1.0903477788182157
87,value,1,1,0.6211736809348558
87,claim_domain,1,-1,0.0
88,subject_entity,1,1,0.5095089678812439
88,subject_type,1,-1,0.0
88,subject_location,1,1,0.6241543090729937
88,value,1,1,0.7328875092094593
88,claim_domain,1,-1,0.0
89,subject_entity,1,1,0.7960045659996533
89,subject_type,1,-1,0.0
89,subject_location,1,-1,-2.046651718856845
89,value,1,1,0.737598943130779
89,claim_domain,1,-1,0.0
90,subject_entity,1,1,0.43735847188411725
90,subject_type,1,-1,0.0
90,subject_location,1,1,2.0900988361538237
90,value,1,-1,-0.06500483030899584
90,claim_domain,1,-1,0.0
91,subject_entity,1,1,0.19131711970253207
91,subject_type,1,-1,-1.0192755464315892
91,subject_location,1,1,1.176170523013984
91,value,1,1,0.6280835872128829
91,claim_domain,1,-1,0.0
92,subject_entity,1,-1,-1.4522523289116878
92,subject_type,1,1,0.9736312784893997
92,subject_location,1,-1,-0.5996211225491219
92,value,1,1,0.2942394729979396
92,claim_domain,1,-1,0.0
93,subject_entity,1,1,0.794567359005848
93,subject_type,1,-1,0.0
93,subject_location,1,-1,-1.1909856087991253
93,value,1,1,0.2876820724517817
93,claim_domain,1,-1,0.0
94,subject_entity,1,-1,-0.16034265007517945
94,subject_type,1,-1,0.0
94,subject_location,1,-1,-1.9550845253313551
94,value,1,-1,-0.5543107357057298
94,claim_domain,1,-1,0.0
95,subject_entity,1,1,1.0878013725638942
95,subject_type,1,1,0.9736312784893997
95,subject_location,1,-1,-0.9788110888554877
95,value,1,1,0.3826504303419931
95,claim_domain,1,-1,0.0
96,subject_entity,1,-1,-0.09319377689794717
96,subject_type,1,1,0.9736312784893997
96,subject_location,1,-1,-0.04919024419077189
96,value,1,-1,-0.5123991882134211
96,claim_domain,1,-1,0.0
97,subject_entity,1,-1,-2.799021979307936
97,subject_type,1,1,0.9736312784894006
97,subject_location,1,1,0.4446858212614462
97,value,1,-1,-0.11332868530700235
97,claim_domain,1,-1,0.0
98,subject_entity,1,-1,-0.8873031950009036
98,subject_type,1,-1,0.0
98,subject_location,1,1,0.6831968497067766
98,value,1,-1,-1.0305588254230944
98,claim_domain,1,-1,0.0
99,subject_entity,1,1,1.8219993544177733
99,subject_type,1,-1,-1.0192755464315884
99,subject_location,1,-1,-0.15600424847658179
99,value,1,-1,-0.17494144949633217
99,claim_domain,1,-1,0.0
100,subject_entity,1,1,0.9971428285032502
100,subject_type,1,-1,0.0
100,subject_location,1,-1,-0.31521823026038653
100,value,1,-1,-1.0904489780289488
100,claim_domain,1,-1,0.0
101,subject_entity,1,-1,-2.3097025607629105
101,subject_type,1,-1,0.0
101,subject_location,1,1,1.535329940280378
101,value,1,1,0.4328640822962795
101,claim_domain,1,-1,0.0
102,subject_entity,1,-1,-2.858110895677944
102,subject_type,1,1,0.9736312784893997
102,subject_location,1,1,0.0968498259899171
102,value,1,-1,-0.9944085111381078
102,claim_domain,1,-1,0.0
103,subject_entity,1,-1,-1.306529392651028
103,subject_type,1,-1,0.0
103,subject_location,1,-1,-1.0986122886681104
103,value,1,-1,-2.268683541318364
103,claim_domain,1,-1,0.0
104,subject_entity,1,1,0.2554212102335587
104,subject_type,1,1,0.9736312784893997
104,subject_location,1,1,0.2814124594381848
104,value,1,-1,-2.2857779746776643
104,claim_domain,1,-1,0.0
105,subject_entity,1,-1,-0.5360370431124863
105,subject_type,1,-1,0.0
105,subject_location,1,1,3.517921655970296
105,value,1,1,0.6400373552459975
105,claim_domain,1,-1,0.0
106,subject_entity,1,-1,-0.46181804465929677
106,subject_type,1,-1,0.0
106,subject_location,1,1,1.406913648322626
106,value,1,-1,-0.747955417054941
106,claim_domain,1,-1,0.0
107,subject_entity,1,1,0.022574322038538597
107,subject_type,1,-1,0.0
107,subject_location,1,-1,-0.04679216150675902
107,value,1,-1,-0.46021562287957263
107,claim_domain,1,-1,0.0
108,subject_entity,1,-1,-0.75377180237638
108,subject_type,1,-1,0.0
108,subject_location,1,1,0.29015426159716995
108,value,1,-1,-0.09373247766270687
108,claim_domain,1,-1,0.0
109,subject_entity,1,-1,-2.7764873626554385
109,subject_type,1,-1,0.0
109,subject_location,1,-1,-0.9338570555920542
109,value,1,1,0.48269645604415423
109,claim_domain,1,-1,0.0
110,subject_entity,1,1,0.5717863235556777
110,subject_type,1,-1,0.0
110,subject_location,1,1,0.579522155052226
110,value,1,-1,-2.3619016701504645
110,claim_domain,1,-1,0.0
111,subject_entity,1,1,0.2947995402206445
111,subject_type,1,-1,0.0
111,subject_location,1,-1,-0.7595922799680981
111,value,1,-1,-0.5475618635916097
111,claim_domain,1,-1,0.0
112,subject_entity,1,1,0.8490819821807056
112,subject_type,1,-1,0.0
112,subject_location,1,-1,-0.6126748273373721
112,value,1,1,0.7868326646372683
112,claim_domain,1,-1,0.0
113,subject_entity,1,1,0.3254224004346282
113,subject_type,1,-1,0.0
113,subject_location,1,-1,-0.6669448081659217
113,value,1,-1,-0.5630940523117474
113,claim_domain,1,-1,0.0
114,subject_entity,1,1,0.7966878595007856
114,subject_type,1,1,0.9736312784893997
114,subject_location,1,1,0.10779657045570801
114,value,1,-1,-0.15487558018520708
114,claim_domain,1,-1,0.0
115,subject_entity,1,-1,-0.08176595469656789
115,subject_type,1,-1,0.0
115,subject_location,1,-1,-0.8448317678920105
115,value,1,1,0.5855165163675808
115,claim_domain,1,-1,0.0
116,subject_entity,1,-1,-1.1408450522913807
116,subject_type,1,1,0.9736312784894006
116,subject_location,1,-1,-0.9743651063918364
116,value,1,1,0.41197978912935884
116,claim_domain,1,-1,0.0
117,subject_entity,1,-1,-2.2175918801606516
117,subject_type,1,-1,0.0
117,subject_location,1,1,1.927891643552635
117,value,1,-1,-0.5428649775106074
117,claim_domain,1,-1,0.0
118,subject_entity,1,-1,-0.20348250691505232
118,subject_type,1,-1,0.0
118,subject_location,1,-1,-0.38035918697708837
118,value,1,-1,-0.26101382536961903
118,claim_domain,1,-1,0.0
119,subject_entity,1,-1,-0.03390155167568132
119,subject_type,1,-1,0.0
119,subject_location,1,-1,-0.9974430536743819
119,value,1,-1,-0.6335849194086025
119,claim_domain,1,-1,0.0
120,subject_entity,1,-1,-1.54254367760407
120,subject_type,1,-1,0.0
120,subject_location,1,1,0.4091619699894906
120,value,1,1,0.8583324551109133
120,claim_domain,1,-1,0.0
121,subject_entity,1,-1,-0.46262352194811385
121,subject_type,1,-1,0.0
121,subject_location,1,-1,-0.5055485666651469
121,value,1,1,0.04308358613631125
121,claim_domain,1,-1,0.0
122,subject_entity,1,-1,0.0
122,subject_type,1,-1,0.0
122,subject_location,1,-1,0.0
122,value,1,-1,-0.29546421289383584
122,claim_domain,1,-1,0.0
123,subject_entity,1,1,0.08894748601649649
123,subject_type,1,1,0.9736312784893997
123,subject_location,1,1,0.0665206823415625
123,value,1,-1,-1.254773019423392
123,claim_domain,1,-1,0.0
124,subject_entity,1,1,0.5562879978427482
124,subject_type,1,1,0.9736312784893997
124,subject_location,1,1,0.3858740986309943
124,value,1,-1,-2.094040341100989
124,claim_domain,1,-1,0.0
125,subject_entity,1,1,1.2712250313351046
125,subject_type,1,-1,0.0
125,subject_location,1,1,0.3329386640399026
125,value,1,1,0.08239953176706649
125,claim_domain,1,-1,0.0
126,subject_entity,1,-1,-0.06331227941432704
126,subject_type,1,-1,0.0
126,subject_location,1,1,1.126783165634805
126,value,1,-1,-1.2767321586083646
126,claim_domain,1,-1,0.0
127,subject_entity,1,-1,-0.03727139479723096
127,subject_type,1,1,0.9736312784894006
127,subject_location,1,1,0.06701071028296024
127,value,1,1,0.47566936678141314
127,claim_domain,1,-1,0.0
128,subject_entity,1,1,0.18647956694261847
128,subject_type,1,-1,0.0
128,subject_location,1,-1,-0.532804530484766
128,value,1,1,0.023530497410193973
128,claim_domain,1,-1,0.0
129,subject_entity,1,1,0.4929680063659845
129,subject_type,1,-1,0.0
129,subject_location,1,1,0.33647223662121384
129,value,1,1,0.503320898111923
129,claim_domain,1,-1,0.0
130,subject_entity,1,1,0.4080457547016554
130,subject_type,1,-1,-1.0192755464315884
130,subject_location,1,-1,-1.7829488395459006
130,value,1,1,0.3791971812875543
130,claim_domain,1,-1,0.0
131,subject_entity,1,1,0.6082477367734596
131,subject_type,1,-1,0.0
131,subject_location,1,-1,-3.619886582626985
131,value,1,-1,-0.7573091247772314
131,claim_domain,1,-1,0.0
132,subject_entity,1,1,0.8062898366598263
132,subject_type,1,-1,0.0
132,subject_location,1,-1,-1.3691019605795178
132,value,1,-1,-0.3608043372807437
132,claim_domain,1,-1,0.0
133,subject_entity,1,1,1.252762968495368
133,subject_type,1,-1,0.0
133,subject_location,1,1,1.1798752527468759
133,value,1,-1,-1.0864170155742912
133,claim_domain,1,-1,0.0
134,subject_entity,1,1,1.1205911953868846
134,subject_type,1,1,0.9736312784893979
134,subject_location,1,1,3.610917912644224
134,value,1,-1,-0.9075570519054015
134,claim_domain,1,-1,0.0
135,subject_entity,1,-1,-0.005730674708983585
135,subject_type,1,-1,0.0
135,subject_location,1,1,0.9897182004289728
135,value,1,-1,-0.23590580292806074
135,claim_domain,1,-1,0.0
136,subject_entity,1,-1,-1.833870954578182
136,subject_type,1,-1,0.0
136,subject_location,1,-1,-0.2307481506994291
136,value,1,1,0.06453852113757108
136,claim_domain,1,-1,0.0
137,subject_entity,1,-1,-1.922599070186866
137,subject_type,1,1,0.9736312784893997
137,subject_location,1,1,0.48149800867146997
137,value,1,1,0.12541666051145484
137,claim_domain,1,-1,0.0
138,subject_entity,1,-1,-2.559439701650568
138,subject_type,1,-1,0.0
138,subject_location,1,-1,-0.36535511076999905
138,value,1,1,0.11099677597202406
138,claim_domain,1,-1,0.0
139,subject_entity,1,1,0.7216623508679665
139,subject_type,1,-1,-1.0192755464315884
139,subject_location,1,-1,-0.44183275227903884
139,value,1,-1,-0.18547613354246995
139,claim_domain,1,-1,0.0
140,subject_entity,1,-1,-2.7803708626818366
140,subject_type,1,-1,0.0
140,subject_location,1,1,0.7980651204194427
140,value,1,1,0.4328640822962786
140,claim_domain,1,-1,0.0
141,subject_entity,1,-1,-0.07680541122374507
141,subject_type,1,-1,0.0
141,subject_location,1,1,0.18526706702371154
141,value,1,-1,-0.2607262624632529
141,claim_domain,1,-1,0.0
142,subject_entity,1,1,0.06899287148695166
142,subject_type,1,-1,-1.0192755464315884
142,subject_location,1,1,1.7917594692280554
142,value,1,1,1.079380926740222
142,claim_domain,1,-1,0.0
143,subject_entity,1,1,2.0014800002101234
143,subject_type,1,-1,0.0
143,subject_location,1,-1,-1.2981016490844297
143,value,1,1,0.1704519812385703
143,claim_domain,1,-1,0.0
144,subject_entity,1,1,1.6863989535702286
144,subject_type,1,-1,0.0
144,subject_location,1,1,1.4488147181012243
144,value,1,-1,-0.34240697214102767
144,claim_domain,1,-1,0.0
145,subject_entity,1,-1,-0.0988458346366321
145,subject_type,1,-1,0.0
145,subject_location,1,-1,-0.22314355131420927
145,value,1,-1,-0.698184974589902
145,claim_domain,1,-1,0.0
146,subject_entity,1,-1,-0.6007738604289301
146,subject_type,1,-1,0.0
146,subject_location,1,-1,-0.9059279448386084
146,value,1,1,0.36890751237436703
146,claim_domain,1,-1,0.0
147,subject_entity,1,-1,-3.3916279306460044
147,subject_type,1,-1,0.0
147,subject_location,1,-1,-1.1994169877900758
147,value,1,-1,-0.29456441207472306
147,claim_domain,1,-1,0.0
148,subject_entity,1,1,0.3285040669720356
148,subject_type,1,-1,0.0
148,subject_location,1,1,0.25654183171605816
148,value,1,1,1.548350220454262
148,claim_domain,1,-1,0.0
149,subject_entity,1,1,2.512305623976115
149,subject_type,1,-1,0.0
149,subject_location,1,-1,-1.59645071690729
149,value,1,1,0.28185115214098744
149,claim_domain,1,-1,0.0
150,subject_entity,1,1,1.1878434223960515
150,subject_type,1,-1,0.0
150,subject_location,1,-1,-0.20459419240307852
150,value,1,1,3.299943647956982
150,claim_domain,1,-1,0.0
151,subject_entity,1,-1,-0.96391878086341
151,subject_type,1,-1,-1.0192755464315892
151,subject_location,1,1,0.2231435513142097
151,value,1,1,1.9682159065696117
151,claim_domain,1,-1,0.0
152,subject_entity,1,1,1.5851452198650566
152,subject_type,1,1,0.9736312784894015
152,subject_location,1,1,0.1666769396464396
152,value,1,-1,-1.3093333199837627
152,claim_domain,1,-1,0.0
153,subject_entity,1,1,0.14585187701256253
153,subject_type,1,-1,0.0
153,subject_location,1,-1,-2.103347062533391
153,value,1,-1,-0.1117914059881171
153,claim_domain,1,-1,0.0
154,subject_entity,1,1,0.32918180335853364
154,subject_type,1,1,0.9736312784894006
154,subject_location,1,-1,-0.4225012952607319
154,value,1,-1,-0.1240526486699789
154,claim_domain,1,-1,0.0
155,subject_entity,1,1,2.1000608288825706
155,subject_type,1,1,0.9736312784893997
155,subject_location,1,1,0.40817146970590734
155,value,1,-1,-0.44139711733422704
155,claim_domain,1,-1,0.0
156,subject_entity,1,1,1.8651869377828731
156,subject_type,1,-1,0.0
156,subject_location,1,1,1.2809338454620658
156,value,1,-1,-2.2449559801574086
156,claim_domain,1,-1,0.0
157,subject_entity,1,-1,-0.3036824137982226
157,subject_type,1,-1,0.0
157,subject_location,1,1,1.3987168811184478
157,value,1,-1,-0.4200335239364552
157,claim_domain,1,-1,0.0
158,subject_entity,1,1,0.3003404693237042
158,subject_type,1,-1,-1.0192755464315892
158,subject_location,1,-1,-0.2095547072523134
158,value,1,-1,-0.2092104570102853
158,claim_domain,1,-1,0.0
159,subject_entity,1,1,0.2618741884959084
159,subject_type,1,-1,0.0
159,subject_location,1,1,0.3934889170614486
159,value,1,-1,-1.680055479648054
159,claim_domain,1,-1,0.0
160,subject_entity,1,-1,-0.560757992514199
160,subject_type,1,-1,0.0
160,subject_location,1,-1,-0.9597758438138935
160,value,1,1,0.2722971536123011
160,claim_domain,1,-1,0.0
161,subject_entity,1,-1,-0.010733555643108517
161,subject_type,1,-1,-1.0192755464315892
161,subject_location,1,1,0.6505875661411493
161,value,1,-1,-0.23319388716771083
161,claim_domain,1,-1,0.0
162,subject_entity,1,1,0.7308875085427928
162,subject_type,1,-1,0.0
162,subject_location,1,1,0.9417075448582786
162,value,1,-1,-1.0582609931445415
162,claim_domain,1,-1,0.0
163,subject_entity,1,-1,-1.227229666490203
163,subject_type,1,-1,-1.0192755464315884
163,subject_location,1,-1,0.0
163,value,1,-1,-1.1856236656577401
163,claim_domain,1,-1,0.0
164,subject_entity,1,1,0.974228568980374
164,subject_type,1,-1,0.0
164,subject_location,1,-1,-0.14378789279171134
164,value,1,1,1.2252635271348176
164,claim_domain,1,-1,0.0
165,subject_entity,1,1,1.6843392206072183
165,subject_type,1,-1,0.0
165,subject_location,1,-1,-0.1634061098014188
165,value,1,1,0.5024573740954743
165,claim_domain,1,-1,0.0
166,subject_entity,1,1,0.41091471287573
166,subject_type,1,-1,0.0
166,subject_location,1,-1,-0.1634061098014179
166,value,1,1,0.3785204728647127
166,claim_domain,1,-1,0.0
167,subject_entity,1,1,0.33647223662121384
167,subject_type,1,-1,-1.0192755464315884
167,subject_location,1,-1,-0.7691330875378668
167,value,1,-1,-0.7694304853095755
167,claim_domain,1,-1,0.0
168,subject_entity,1,1,0.2947995402206445
168,subject_type,1,-1,0.0
168,subject_location,1,1,0.4953214372300252
168,value,1,-1,-0.2578291093021008
168,claim_domain,1,-1,0.0
169,subject_entity,1,-1,-1.6130029785985958
169,subject_type,1,-1,0.0
169,subject_location,1,1,0.35139788683788886
169,value,1,1,0.4735185713531802
169,claim_domain,1,-1,0.0
170,subject_entity,1,-1,-0.12102663240222578
170,subject_type,1,-1,0.0
170,subject_location,1,-1,-1.5553706911638243
170,value,1,-1,-0.540239508972284
170,claim_domain,1,-1,0.0
171,subject_entity,1,1,0.38662202030668436
171,subject_type,1,1,0.9736312784894006
171,subject_location,1,-1,-0.08388148398070161
171,value,1,1,0.991640169115942
171,claim_domain,1,-1,0.0
172,subject_entity,1,1,0.5908683314395269
172,subject_type,1,-1,0.0
172,subject_location,1,1,0.38744660260548613
172,value,1,1,0.1812171944509018
172,claim_domain,1,-1,0.0
173,subject_entity,1,-1,-1.8325814637483098
173,subject_type,1,-1,0.0
173,subject_location,1,-1,-0.5488436909535119
173,value,1,-1,-0.1831587272070183
173,claim_domain,1,-1,0.0
174,subject_entity,1,-1,-1.9760631872260017
174,subject_type,1,1,0.9736312784893997
174,subject_location,1,1,0.33547273628812935
174,value,1,-1,-0.04255961441879563
174,claim_domain,1,-1,0.0
175,subject_entity,1,1,2.0630028153366764
175,subject_type,1,1,0.9736312784893997
175,subject_location,1,1,1.8628173904937766
175,value,1,-1,-0.09289374689269714
175,claim_domain,1,-1,0.0
176,subject_entity,1,1,0.11620200765906485
176,subject_type,1,1,0.9736312784894001
176,subject_location,1,1,0.17604210130911113
176,value,1,1,0.44751334435166346
176,claim_domain,1,-1,0.0
177,subject_entity,1,1,1.6409365794934718
177,subject_type,1,1,0.9736312784893997
177,subject_location,1,-1,-0.46194371226863584
177,value,1,-1,-0.5596157879354227
177,claim_domain,1,-1,0.0
178,subject_entity,1,1,0.582284587748136
178,subject_type,1,-1,0.0
178,subject_location,1,-1,-2.2114596931580914
178,value,1,1,1.1991995255732784
178,claim_domain,1,-1,0.0
179,subject_entity,1,1,0.03104462168195976
179,subject_type,1,1,0.9736312784893997
179,subject_location,1,-1,-0.16444943202783247
179,value,1,-1,-0.1997961873172187
179,claim_domain,1,-1,0.0
180,subject_entity,1,-1,-0.21382878003966255
180,subject_type,1,-1,0.0
180,subject_location,1,1,2.188960067486326
180,value,1,-1,-1.4942829991839863
180,claim_domain,1,-1,0.0
181,subject_entity,1,-1,-2.7803708626818358
181,subject_type,1,-1,0.0
181,subject_location,1,-1,-0.5937747067467418
181,value,1,-1,-0.7290791897860087
181,claim_domain,1,-1,0.0
182,subject_entity,1,1,1.09861228866811
182,subject_type,1,-1,-1.0192755464315884
182,subject_location,1,1,0.2600768063598915
182,value,1,-1,-0.4254657748148345
182,claim_domain,1,-1,0.0
183,subject_entity,1,1,1.09861228866811
183,subject_type,1,-1,-1.0192755464315884
183,subject_location,1,1,0.7175982764241091
183,value,1,-1,-0.3496737484797494
183,claim_domain,1,-1,0.0
184,subject_entity,1,1,1.2335316065674808
184,subject_type,1,1,0.9736312784893997
184,subject_location,1,1,0.10856638055146028
184,value,1,1,0.5187937934151678
184,claim_domain,1,-1,0.0
185,subject_entity,1,-1,-1.4552872326068425
185,subject_type,1,-1,-1.0192755464315884
185,subject_location,1,1,0.7875568650310196
185,value,1,-1,-3.4404180948154357
185,claim_domain,1,-1,0.0
186,subject_entity,1,1,0.4671906878691203
186,subject_type,1,-1,0.0
186,subject_location,1,1,0.3265219057680433
186,value,1,-1,-0.08338160893905133
186,claim_domain,1,-1,0.0
187,subject_entity,1,-1,-1.5856272637403812
187,subject_type,1,-1,0.0
187,subject_location,1,1,1.7917594692280563
187,value,1,1,0.010810916104215806
187,claim_domain,1,-1,0.0
188,subject_entity,1,1,0.11778303565638293
188,subject_type,1,-1,0.0
188,subject_location,1,1,1.5863154950132454
188,value,1,1,0.6104554647148319
188,claim_domain,1,-1,0.0
189,subject_entity,1,1,0.4499168706789982
189,subject_type,1,-1,-1.0192755464315884
189,subject_location,1,-1,-1.3714792753347496
189,value,1,-1,-0.3057301423234833
189,claim_domain,1,-1,0.0
190,subject_entity,1,1,0.391394524211222
190,subject_type,1,-1,-1.0192755464315884
190,subject_location,1,-1,-0.24149268998240592
190,value,1,-1,-0.33961854231057753
190,claim_domain,1,-1,0.0
191,subject_entity,1,1,0.3217660892315175
191,subject_type,1,-1,-1.0192755464315884
191,subject_location,1,-1,-2.905409635260705
191,value,1,-1,0.0
191,claim_domain,1,-1,0.0
192,subject_entity,1,1,0.47247581839112485
192,subject_type,1,1,0.9736312784893997
192,subject_location,1,1,0.13755554292424854
192,value,1,1,2.0088239744658827
192,claim_domain,1,-1,0.0
193,subject_entity,1,-1,-0.41129602841895796
193,subject_type,1,-1,0.0
193,subject_location,1,-1,-1.8918429277850377
193,value,1,1,0.6337237600891443
193,claim_domain,1,-1,0.0
194,subject_entity,1,-1,-0.23582871084152401
194,subject_type,1,1,0.9736312784894015
194,subject_location,1,1,1.613595922582765
194,value,1,-1,-0.06765864847381486
194,claim_domain,1,-1,0.0
195,subject_entity,1,-1,-0.5419162108360212
195,subject_type,1,-1,-1.0192755464315884
195,subject_location,1,-1,-2.079441541679836
195,value,1,1,0.7368222440626075
195,claim_domain,1,-1,0.0
196,subject_entity,1,1,0.75159077643002
196,subject_type,1,-1,0.0
196,subject_location,1,1,0.3934889170614486
196,value,1,1,1.1091387016550973
196,claim_domain,1,-1,0.0
197,subject_entity,1,1,0.97519543529347
197,subject_type,1,-1,-1.0192755464315884
197,subject_location,1,-1,-1.0414538748281617
197,value,1,1,0.7901394465472551
197,claim_domain,1,-1,0.0
198,subject_entity,1,1,0.8820016583955228
198,subject_type,1,-1,0.0
198,subject_location,1,-1,-0.6832948841169335
198,value,1,-1,-0.5495044783311016
198,claim_domain,1,-1,0.0
199,subject_entity,1,-1,-0.3648979231191638
199,subject_type,1,-1,0.0
199,subject_location,1,-1,-0.729252185202061
199,value,1,-1,-1.183451168605139
199,claim_domain,1,-1,0.0
200,subject_entity,1,-1,-0.2267733193647885
200,subject_type,1,-1,0.0
200,subject_location,1,1,1.709067753382942
200,value,1,-1,-0.012903404835907573
200,claim_domain,1,-1,0.0
201,subject_entity,1,-1,-1.0504101868502325
201,subject_type,1,1,0.9736312784893997
201,subject_location,1,-1,-0.42250129526073277
201,value,1,-1,-0.2061322054876733
201,claim_domain,1,-1,0.0
202,subject_entity,1,-1,-0.7659065348423733
202,subject_type,1,-1,0.0
202,subject_location,1,-1,-0.8933491626317478
202,value,1,-1,-0.2623642644674913
202,claim_domain,1,-1,0.0
203,subject_entity,1,1,1.694595720774407
203,subject_type,1,1,0.9736312784893997
203,subject_location,1,-1,-0.6669448081659217
203,value,1,-1,-0.03090753746307673
203,claim_domain,1,-1,0.0
204,subject_entity,1,1,0.02739897418811399
204,subject_type,1,-1,0.0
204,subject_location,1,1,1.126783165634805
204,value,1,-1,-0.667504749946608
204,claim_domain,1,-1,0.0
205,subject_entity,1,1,0.23034646360826816
205,subject_type,1,-1,0.0
205,subject_location,1,1,1.3743181700731757
205,value,1,-1,-1.5439233053234744
205,claim_domain,1,-1,0.0
206,subject_entity,1,-1,-0.1941560144409582
206,subject_type,1,1,0.9736312784893997
206,subject_location,1,1,0.5545006872686526
206,value,1,-1,-0.271933715483641
206,claim_domain,1,-1,0.0
207,subject_entity,1,-1,-1.976063187226
207,subject_type,1,1,0.9736312784894006
207,subject_location,1,1,0.2613647641344077
207,value,1,1,0.2952292780871639
207,claim_domain,1,-1,0.0
208,subject_entity,1,1,0.014084739881739416
208,subject_type,1,-1,0.0
208,subject_location,1,-1,-0.13851893413556216
208,value,1,1,0.04879016416943216
208,claim_domain,1,-1,0.0
209,subject_entity,1,-1,-0.24116205681688818
209,subject_type,1,-1,0.0
209,subject_location,1,-1,-1.8643301620628905
209,value,1,-1,-1.5986658154521893
209,claim_domain,1,-1,0.0
210,subject_entity,1,1,0.6460796697019591
210,subject_type,1,-1,0.0
210,subject_location,1,1,2.5520459526256287
210,value,1,-1,-0.08141539148550869
210,claim_domain,1,-1,0.0
211,subject_entity,1,-1,-0.4248831939652655
211,subject_type,1,-1,0.0
211,subject_location,1,1,0.6690496289808854
211,value,1,-1,-1.9740810260220094
211,claim_domain,1,-1,0.0
212,subject_entity,1,-1,-2.034072936649986
212,subject_type,1,1,0.9736312784893992
212,subject_location,1,-1,-2.072273052201224
212,value,1,-1,-0.08855339734144518
212,claim_domain,1,-1,0.0
213,subject_entity,1,1,2.143520398364359
213,subject_type,1,1,0.9736312784893997
213,subject_location,1,-1,-1.5218398531161146
213,value,1,-1,-0.2912727405825084
213,claim_domain,1,-1,0.0
214,subject_entity,1,-1,-0.5025268209512959
214,subject_type,1,-1,0.0
214,subject_location,1,1,0.44055642791943406
214,value,1,1,0.8950133334268706
214,claim_domain,1,-1,0.0
215,subject_entity,1,-1,-1.0094845087721023
215,subject_type,1,1,0.9736312784893997
215,subject_location,1,-1,-0.4077301147390173
215,value,1,1,0.8493964970441246
215,claim_domain,1,-1,0.0
216,subject_entity,1,1,0.7905213445851214
216,subject_type,1,-1,-1.0192755464315892
216,subject_location,1,-1,-0.7109729645125462
216,value,1,-1,-0.31015492830383984
216,claim_domain,1,-1,0.0
217,subject_entity,1,-1,-1.1242547192814465
217,subject_type,1,1,0.9736312784893997
217,subject_location,1,1,2.9195709125884273
217,value,1,-1,-1.1121260078348323
217,claim_domain,1,-1,0.0
218,subject_entity,1,1,1.2126308670690502
218,subject_type,1,-1,0.0
218,subject_location,1,-1,-1.47962630091211
218,value,1,1,0.8770700187208735
218,claim_domain,1,-1,0.0
219,subject_entity,1,1,2.374905754573671
219,subject_type,1,-1,0.0
219,subject_location,1,1,0.3001045924503378
219,value,1,1,0.10058723690516835
219,claim_domain,1,-1,0.0
220,subject_entity,1,-1,-1.1668205386946422
220,subject_type,1,1,0.9736312784893997
220,subject_location,1,-1,-0.05026183478088786
220,value,1,1,0.331576266009006
220,claim_domain,1,-1,0.0
221,subject_entity,1,-1,-2.559439701650568
221,subject_type,1,-1,0.0
221,subject_location,1,-1,-0.3437715391028249
221,value,1,-1,-0.8295590360498224
221,claim_domain,1,-1,0.0
222,subject_entity,1,-1,0.0
222,subject_type,1,-1,0.0
222,subject_location,1,-1,0.0
222,value,1,1,0.46673030390076686
222,claim_domain,1,-1,0.0
223,subject_entity,1,-1,-1.129502775687448
223,subject_type,1,-1,0.0
223,subject_location,1,-1,-0.9059279448386084
223,value,1,1,0.693147180559945
223,claim_domain,1,-1,0.0
224,subject_entity,1,-1,-0.7106403380074626
224,subject_type,1,-1,0.0
224,subject_location,1,1,0.18026182383094458
224,value,1,1,0.23687374412611195
224,claim_domain,1,-1,0.0
225,subject_entity,1,1,0.3542768612547187
225,subject_type,1,-1,0.0
225,subject_location,1,1,2.6100697927420056
225,value,1,-1,-0.497032301633654
225,claim_domain,1,-1,0.0
226,subject_entity,1,-1,-0.5596157879354227
226,subject_type,1,-1,0.0
226,subject_location,1,-1,-1.5147726858930222
226,value,1,-1,-0.6229429218866969
226,claim_domain,1,-1,0.0
227,subject_entity,1,-1,-0.225879531133085
227,subject_type,1,-1,0.0
227,subject_location,1,-1,-0.3740489118747856
227,value,1,1,1.3306054552593025
227,claim_domain,1,-1,0.0
228,subject_entity,1,-1,-0.5095344680023706
228,subject_type,1,-1,0.0
228,subject_location,1,1,0.022989518224698635
228,value,1,-1,-1.9924301646902052
228,claim_domain,1,-1,0.0
229,subject_entity,1,1,0.4293325895148081
229,subject_type,1,-1,-1.0192755464315884
229,subject_location,1,1,0.5553634781968926
229,value,1,-1,-1.7635885922613577
229,claim_domain,1,-1,0.0
230,subject_entity,1,1,0.863221763743927
230,subject_type,1,-1,-1.0192755464315884
230,subject_location,1,1,0.27522861138049404
230,value,1,-1,-2.4423470353692034
230,claim_domain,1,-1,0.0
231,subject_entity,1,-1,-0.10689779497671292
231,subject_type,1,-1,0.0
231,subject_location,1,-1,-0.1456399901593497
231,value,1,-1,-0.8368539012261205
231,claim_domain,1,-1,0.0
232,subject_entity,1,1,3.4618220034785896
232,subject_type,1,-1,0.0
232,subject_location,1,1,0.953223986919836
232,value,1,1,2.133962380558253
232,claim_domain,1,-1,0.0
233,subject_entity,1,1,0.10863384100279472
233,subject_type,1,1,0.9736312784893997
233,subject_location,1,-1,-1.1884686177899706
233,value,1,-1,0.0
233,claim_domain,1,-1,0.0
234,subject_entity,1,1,0.022347298691996365
234,subject_type,1,1,0.9736312784893997
234,subject_location,1,1,0.06559728248581287
234,value,1,-1,-1.8736765916959417
234,claim_domain,1,-1,0.0
235,subject_entity,1,1,1.4136933353080048
235,subject_type,1,-1,0.0
235,subject_location,1,-1,-0.01519016549397545
235,value,1,-1,-0.5877866649021186
235,claim_domain,1,-1,0.0
236,subject_entity,1,1,0.07816477284933665
236,subject_type,1,1,0.9736312784893997
236,subject_location,1,1,1.176170523013984
236,value,1,-1,-0.5491078103370075
236,claim_domain,1,-1,0.0
237,subject_entity,1,1,0.05542980493933136
237,subject_type,1,1,0.9736312784894006
237,subject_location,1,1,0.9223330463301185
237,value,1,-1,-0.6729444732424259
237,claim_domain,1,-1,0.0
238,subject_entity,1,-1,-0.4668340544844556
238,subject_type,1,1,0.9736312784894006
238,subject_location,1,1,0.08191712246788718
238,value,1,1,0.2338643210593112
238,claim_domain,1,-1,0.0
239,subject_entity,1,-1,-0.06979576193554227
239,subject_type,1,-1,0.0
239,subject_location,1,1,0.5943656360001617
239,value,1,1,0.46103495926297544
239,claim_domain,1,-1,0.0
240,subject_entity,1,-1,-1.8105217456835776
240,subject_type,1,-1,0.0
240,subject_location,1,-1,-0.10851758221059304
240,value,1,1,0.11778303565638382
240,claim_domain,1,-1,0.0
241,subject_entity,1,1,2.1019143975318952
241,subject_type,1,-1,0.0
241,subject_location,1,1,2.908720896564362
241,value,1,1,0.8026657063664366
241,claim_domain,1,-1,0.0
242,subject_entity,1,1,0.13231113621929325
242,subject_type,1,-1,-1.0192755464315884
242,subject_location,1,1,1.992430164690206
242,value,1,-1,-0.9297914190930578
242,claim_domain,1,-1,0.0
243,subject_entity,1,-1,-1.9136492868370922
243,subject_type,1,-1,0.0
243,subject_location,1,-1,-0.9974430536743819
243,value,1,1,0.3178958510482772
243,claim_domain,1,-1,0.0
244,subject_entity,1,1,0.1764564373415567
244,subject_type,1,-1,-1.0192755464315884
244,subject_location,1,1,0.5937747067467409
244,value,1,1,1.6761292869327722
244,claim_domain,1,-1,0.0
245,subject_entity,1,1,0.19349485739208028
245,subject_type,1,-1,-1.0192755464315884
245,subject_location,1,1,0.5998152407677262
245,value,1,-1,-0.019048194970694432
245,claim_domain,1,-1,0.0
246,subject_entity,1,-1,-0.6438761315531618
246,subject_type,1,-1,0.0
246,subject_location,1,-1,-0.23052365861183244
246,value,1,-1,-1.114360645636249
246,claim_domain,1,-1,0.0
247,subject_entity,1,1,1.3230129111723699
247,subject_type,1,1,0.9736312784893997
247,subject_location,1,1,2.951929650895597
247,value,1,1,0.4598365118902912
247,claim_domain,1,-1,0.0
248,subject_entity,1,1,0.37267528528517335
248,subject_type,1,-1,0.0
248,subject_location,1,-1,-1.0493065276839548
248,value,1,-1,-1.0281606277174982
248,claim_domain,1,-1,0.0
249,subject_entity,1,-1,-1.6037072377251147
249,subject_type,1,-1,0.0
249,subject_location,1,-1,-0.723606388044653
249,value,1,-1,-0.11686434013931102
249,claim_domain,1,-1,0.0
250,subject_entity,1,-1,-0.9675840262617053
250,subject_type,1,-1,0.0
250,subject_location,1,-1,-1.6397432619294294
250,value,1,1,0.43565608038730996
250,claim_domain,1,-1,0.0
251,subject_entity,1,1,0.6778797084291561
251,subject_type,1,1,0.9736312784893997
251,subject_location,1,-1,-0.8026657063664349
251,value,1,1,0.22024079165624766
251,claim_domain,1,-1,0.0
252,subject_entity,1,-1,-0.2876820724517808
252,subject_type,1,-1,0.0
252,subject_location,1,1,0.8574502318512218
252,value,1,-1,-0.18610227963386095
252,claim_domain,1,-1,0.0
253,subject_entity,1,-1,-0.6111047578935027
253,subject_type,1,-1,0.0
253,subject_location,1,1,1.6751549840911162
253,value,1,-1,-1.7311348474116208
253,claim_domain,1,-1,0.0
254,subject_entity,1,-1,-0.06538275926285131
254,subject_type,1,-1,0.0
254,subject_location,1,1,0.109199291964992
254,value,1,1,0.2751032902449211
254,claim_domain,1,-1,0.0
255,subject_entity,1,1,2.112231364502827
255,subject_type,1,-1,-1.0192755464315884
255,subject_location,1,-1,-0.8512582616033004
255,value,1,-1,-1.1045470241879238
255,claim_domain,1,-1,0.0
256,subject_entity,1,-1,-1.160487692386197
256,subject_type,1,-1,0.0
256,subject_location,1,-1,0.0
256,value,1,-1,-2.4091948280523043
256,claim_domain,1,-1,0.0
257,subject_entity,1,-1,-2.570849079588724
257,subject_type,1,1,0.9736312784894006
257,subject_location,1,1,0.06846779927746116
257,value,1,1,0.3905394578914887
257,claim_domain,1,-1,0.0
258,subject_entity,1,-1,-0.7949298748698883
258,subject_type,1,-1,-1.0192755464315884
258,subject_location,1,-1,-0.45366720992604126
258,value,1,1,0.43692837756394987
258,claim_domain,1,-1,0.0
259,subject_entity,1,1,0.28538586019143075
259,subject_type,1,-1,0.0
259,subject_location,1,-1,-2.046651718856845
259,value,1,1,1.1927995037278114
259,claim_domain,1,-1,0.0
260,subject_entity,1,-1,-0.8690378470236091
260,subject_type,1,-1,0.0
260,subject_location,1,1,0.5859783461453358
260,value,1,1,0.06575137756278071
260,claim_domain,1,-1,0.0
261,subject_entity,1,1,0.5539756150591613
261,subject_type,1,-1,0.0
261,subject_location,1,-1,-1.1108823812599242
261,value,1,1,0.5717863235556786
261,claim_domain,1,-1,0.0
262,subject_entity,1,-1,-0.4054651081081655
262,subject_type,1,-1,-1.0192755464315884
262,subject_location,1,1,1.488077055429832
262,value,1,1,0.3343691864244338
262,claim_domain,1,-1,0.0
263,subject_entity,1,1,0.7960045659996533
263,subject_type,1,-1,0.0
263,subject_location,1,-1,-1.8472107737642691
263,value,1,1,1.300934512168734
263,claim_domain,1,-1,0.0
264,subject_entity,1,1,1.4739999415389966
264,subject_type,1,-1,-1.0192755464315884
264,subject_location,1,-1,-0.7015154302304616
264,value,1,1,0.28935851877903307
264,claim_domain,1,-1,0.0
265,subject_entity,1,1,0.08128263343685749
265,subject_type,1,-1,0.0
265,subject_location,1,1,1.5224265354444713
265,value,1,-1,-0.12838116664820642
265,claim_domain,1,-1,0.0
266,subject_entity,1,-1,-0.23159260580073582
266,subject_type,1,1,0.9736312784893997
266,subject_location,1,1,0.3894647667617237
266,value,1,1,0.05292240145434235
266,claim_domain,1,-1,0.0
267,subject_entity,1,1,1.5755363607584183
267,subject_type,1,1,0.9736312784893997
267,subject_location,1,1,2.1184436994831044
267,value,1,-1,-0.2784288669712982
267,claim_domain,1,-1,0.0
268,subject_entity,1,1,0.1384696742651066
268,subject_type,1,-1,0.0
268,subject_location,1,1,1.6625477377480493
268,value,1,-1,-0.3270431463323611
268,claim_domain,1,-1,0.0
269,subject_entity,1,1,1.203972804325936
269,subject_type,1,-1,-1.0192755464315884
269,subject_location,1,1,0.06062462181643369
269,value,1,1,1.2307302534954854
269,claim_domain,1,-1,0.0
270,subject_entity,1,-1,-1.3590022188318835
270,subject_type,1,1,0.9736312784894006
270,subject_location,1,-1,-0.9974430536743819
270,value,1,1,1.745239453593162
270,claim_domain,1,-1,0.0
271,subject_entity,1,1,1.06289420606603
271,subject_type,1,-1,0.0
271,subject_location,1,1,0.7884573603642693
271,value,1,1,0.5910176854835649
271,claim_domain,1,-1,0.0
272,subject_entity,1,-1,-0.04420609250449559
272,subject_type,1,1,0.9736312784894006
272,subject_location,1,1,0.9019019944220554
272,value,1,-1,-0.25814039335130623
272,claim_domain,1,-1,0.0
273,subject_entity,1,1,0.47235934293819604
273,subject_type,1,-1,0.0
273,subject_location,1,-1,-0.14378789279171045
273,value,1,1,0.1312663859936709
273,claim_domain,1,-1,0.0
274,subject_entity,1,1,0.518793793415167
274,subject_type,1,-1,-1.0192755464315892
274,subject_location,1,-1,-0.9985288301111277
274,value,1,1,1.6151359335487374
274,claim_domain,1,-1,0.0
275,subject_entity,1,1,0.025879447987819937
275,subject_type,1,-1,-1.0192755464315892
275,subject_location,1,1,2.8511510447428834
275,value,1,-1,-0.5378542961539097
275,claim_domain,1,-1,0.0
276,subject_entity,1,-1,-0.39410134945784847
276,subject_type,1,1,0.9736312784894006
276,subject_location,1,1,0.10418335248481192
276,value,1,1,0.32902341260822254
276,claim_domain,1,-1,0.0
277,subject_entity,1,1,1.2738163776932012
277,subject_type,1,-1,0.0
277,subject_location,1,-1,-2.823361047613205
277,value,1,1,0.17237122594078613
277,claim_domain,1,-1,0.0
278,subject_entity,1,1,0.7221347174331978
278,subject_type,1,-1,0.0
278,subject_location,1,-1,-0.45572694288905247
278,value,1,-1,-0.37531206993747634
278,claim_domain,1,-1,0.0
279,subject_entity,1,1,0.7221347174331987
279,subject_type,1,-1,0.0
279,subject_location,1,-1,-0.8369350733516567
279,value,1,1,0.4795730802618863
279,claim_domain,1,-1,0.0
280,subject_entity,1,-1,-0.07484789079643228
280,subject_type,1,-1,0.0
280,subject_location,1,-1,-0.2606011138491109
280,value,1,1,0.4317824164255377
280,claim_domain,1,-1,0.0
281,subject_entity,1,-1,-2.639057329615258
281,subject_type,1,1,0.9736312784894006
281,subject_location,1,-1,-0.07924937165414025
281,value,1,-1,-0.44393138893596085
281,claim_domain,1,-1,0.0
282,subject_entity,1,-1,-1.3906707357196888
282,subject_type,1,-1,-1.0192755464315884
282,subject_location,1,-1,-0.4960833420287871
282,value,1,1,0.2117582290890847
282,claim_domain,1,-1,0.0
283,subject_entity,1,1,0.490622916448471
283,subject_type,1,-1,-1.0192755464315892
283,subject_location,1,-1,-0.7407752295492003
283,value,1,-1,-0.18859116980754997
283,claim_domain,1,-1,0.0
284,subject_entity,1,-1,-0.28043040905646066
284,subject_type,1,-1,-1.0192755464315884
284,subject_location,1,-1,-0.387765531008764
284,value,1,1,0.3903704818856797
284,claim_domain,1,-1,0.0
285,subject_entity,1,1,0.35335819131273816
285,subject_type,1,1,0.9736312784893997
285,subject_location,1,1,0.06513930217096142
285,value,1,-1,-1.2656663733312756
285,claim_domain,1,-1,0.0
286,subject_entity,1,-1,-2.7725887222397816
286,subject_type,1,-1,0.0
286,subject_location,1,1,0.4462871026284194
286,value,1,1,0.7287381256626473
286,claim_domain,1,-1,0.0
287,subject_entity,1,-1,-3.795489189172195
287,subject_type,1,-1,-1.0192755464315884
287,subject_location,1,1,0.7272137351235513
287,value,1,1,0.2817473369319661
287,claim_domain,1,-1,0.0
288,subject_entity,1,-1,-1.64452923224537
288,subject_type,1,-1,-1.0192755464315884
288,subject_location,1,1,1.5322482737429706
288,value,1,1,1.6980739851507325
288,claim_domain,1,-1,0.0
289,subject_entity,1,-1,-0.4769240720903092
289,subject_type,1,-1,0.0
289,subject_location,1,1,1.0986122886681091
289,value,1,1,2.477937980471907
289,claim_domain,1,-1,0.0
290,subject_entity,1,1,0.1112256351102241
290,subject_type,1,-1,0.0
290,subject_location,1,-1,-1.0549372251654479
290,value,1,1,0.2832077920568592
290,claim_domain,1,-1,0.0
291,subject_entity,1,1,1.1884686177899706
291,subject_type,1,-1,0.0
291,subject_location,1,1,1.4552872326068425
291,value,1,1,0.46262352194811385
291,claim_domain,1,-1,0.0
292,subject_entity,1,-1,-1.0254088846448148
292,subject_type,1,-1,0.0
292,subject_location,1,-1,-0.3305637999350459
292,value,1,1,1.2851982442485221
292,claim_domain,1,-1,0.0
293,subject_entity,1,-1,-1.0254088846448148
293,subject_type,1,-1,0.0
293,subject_location,1,-1,-0.3305637999350459
293,value,1,1,0.9470623905409088
293,claim_domain,1,-1,0.0
294,subject_entity,1,-1,-1.0254088846448148
294,subject_type,1,-1,0.0
294,subject_location,1,1,0.18026182383094458
294,value,1,1,0.4601235206460288
294,claim_domain,1,-1,0.0
295,subject_entity,1,1,1.887987501322609
295,subject_type,1,-1,0.0
295,subject_location,1,1,3.0680529351336165
295,value,1,1,0.22089383158019515
295,claim_domain,1,-1,0.0
296,subject_entity,1,-1,-0.33286429524501315
296,subject_type,1,-1,0.0
296,subject_location,1,1,1.0149622593811856
296,value,1,1,0.2607262624632529
296,claim_domain,1,-1,0.0
297,subject_entity,1,1,1.2093636529608132
297,subject_type,1,-1,0.0
297,subject_location,1,1,1.4597968231128178
297,value,1,-1,-0.4892349911736229
297,claim_domain,1,-1,0.0
298,subject_entity,1,1,0.4446858212614453
298,subject_type,1,-1,-1.0192755464315884
298,subject_location,1,-1,-2.1517622032594623
298,value,1,-1,-0.23080642405977958
298,claim_domain,1,-1,0.0
299,subject_entity,1,1,0.7063341848418991
299,subject_type,1,-1,0.0
299,subject_location,1,1,0.7989540251696132
299,value,1,1,0.3270744741624423
299,claim_domain,1,-1,0.0
300,subject_entity,1,-1,-0.9991267374533042
300,subject_type,1,1,0.9736312784894001
300,subject_location,1,-1,-1.6658792233390525
300,value,1,1,0.17390635986866965
300,claim_domain,1,-1,0.0
301,subject_entity,1,1,0.2632906193276221
301,subject_type,1,-1,0.0
301,subject_location,1,-1,-0.4601662438212215
301,value,1,-1,-0.2679575671040024
301,claim_domain,1,-1,0.0
302,subject_entity,1,-1,-0.06654339077661131
302,subject_type,1,-1,0.0
302,subject_location,1,1,0.7758388964050589
302,value,1,1,1.1944033533097853
302,claim_domain,1,-1,0.0
303,subject_entity,1,-1,-0.03876454345024438
303,subject_type,1,1,0.9736312784894006
303,subject_location,1,-1,-0.1906898064644711
303,value,1,1,0.16559476298864162
303,claim_domain,1,-1,0.0
304,subject_entity,1,1,0.6592456288842641
304,subject_type,1,1,0.9736312784893997
304,subject_location,1,1,0.31527002897061074
304,value,1,1,0.6036420366919133
304,claim_domain,1,-1,0.0
305,subject_entity,1,1,0.16737997679575578
305,subject_type,1,1,0.9736312784894006
305,subject_location,1,1,1.7227665977411037
305,value,1,-1,-0.7361645656436364
305,claim_domain,1,-1,0.0
306,subject_entity,1,1,0.43735847188411725
306,subject_type,1,-1,0.0
306,subject_location,1,1,1.248672983243842
306,value,1,1,1.2738163776932003
306,claim_domain,1,-1,0.0
307,subject_entity,1,1,0.9042181506398865
307,subject_type,1,1,0.9736312784894006
307,subject_location,1,1,0.07410797215372167
307,value,1,-1,-1.094538963280474
307,claim_domain,1,-1,0.0
308,subject_entity,1,-1,-0.25423413838424125
308,subject_type,1,-1,0.0
308,subject_location,1,1,0.1077273806680914
308,value,1,1,0.185501209711334
308,claim_domain,1,-1,0.0
309,subject_entity,1,-1,-1.1104467463151124
309,subject_type,1,-1,0.0
309,subject_location,1,1,0.9417075448582786
309,value,1,-1,-0.33647223662121295
309,claim_domain,1,-1,0.0
310,subject_entity,1,1,0.215817511222137
310,subject_type,1,-1,0.0
310,subject_location,1,1,1.580450375560849
310,value,1,-1,-0.06453852113757108
310,claim_domain,1,-1,0.0
311,subject_entity,1,-1,-1.844601950602435
311,subject_type,1,1,0.9736312784893997
311,subject_location,1,1,2.575153527635778
311,value,1,-1,0.0
311,claim_domain,1,-1,0.0
312,subject_entity,1,1,0.9074017844569084
312,subject_type,1,-1,-1.0192755464315892
312,subject_location,1,1,0.6931471805599454
312,value,1,1,0.22825865198097972
312,claim_domain,1,-1,0.0
313,subject_entity,1,-1,-1.3022112439093494
313,subject_type,1,-1,-1.0192755464315892
313,subject_location,1,-1,-0.7570959051602193
313,value,1,1,1.3809610151445284
313,claim_domain,1,-1,0.0
314,subject_entity,1,1,0.190226736301069
314,subject_type,1,-1,0.0
314,subject_location,1,1,1.0394234172777796
314,value,1,-1,-0.9943512783437001
314,claim_domain,1,-1,0.0
315,subject_entity,1,-1,-0.1256262131174095
315,subject_type,1,-1,0.0
315,subject_location,1,-1,0.0
315,value,1,-1,-0.21056476910735
315,claim_domain,1,-1,0.0
316,subject_entity,1,1,0.2025242641114744
316,subject_type,1,1,0.9736312784894006
316,subject_location,1,1,0.21706450523782816
316,value,1,-1,-1.0254088846448148
316,claim_domain,1,-1,0.0
317,subject_entity,1,1,0.06252035698133351
317,subject_type,1,1,0.9736312784893997
317,subject_location,1,-1,-0.19149210876616252
317,value,1,-1,-0.028170876966696845
317,claim_domain,1,-1,0.0
318,subject_entity,1,1,2.05127066471314
318,subject_type,1,-1,0.0
318,subject_location,1,-1,-2.2114596931580914
318,value,1,-1,-1.4043128666225693
318,claim_domain,1,-1,0.0
319,subject_entity,1,-1,-1.3728110107826046
319,subject_type,1,-1,0.0
319,subject_location,1,1,1.9084837435361957
319,value,1,1,0.21868920096482913
319,claim_domain,1,-1,0.0
320,subject_entity,1,1,0.8898574748059991
320,subject_type,1,1,0.9736312784893997
320,subject_location,1,1,0.25982511794881447
320,value,1,1,0.23180161405732402
320,claim_domain,1,-1,0.0
321,subject_entity,1,1,1.0185695809945736
321,subject_type,1,1,0.9736312784893997
321,subject_location,1,1,0.028491955794305746
321,value,1,-1,-0.311533288273961
321,claim_domain,1,-1,0.0
322,subject_entity,1,1,3.414442608412176
322,subject_type,1,-1,-1.0192755464315884
322,subject_location,1,-1,-1.5141277326297757
322,value,1,1,0.701179352257209
322,claim_domain,1,-1,0.0
323,subject_entity,1,1,3.126760535960395
323,subject_type,1,-1,0.0
323,subject_location,1,-1,-0.6111735976002723
323,value,1,1,1.0226263816901895
323,claim_domain,1,-1,0.0
324,subject_entity,1,-1,-1.3792271938967984
324,subject_type,1,1,0.9736312784894006
324,subject_location,1,1,0.8909729238898656
324,value,1,1,0.054311989353740486
324,claim_domain,1,-1,0.0
325,subject_entity,1,1,1.966112856372833
325,subject_type,1,-1,0.0
325,subject_location,1,1,0.14122642884632342
325,value,1,1,0.31015492830383984
325,claim_domain,1,-1,0.0
326,subject_entity,1,-1,-1.1624238014130635
326,subject_type,1,-1,-1.0192755464315884
326,subject_location,1,1,0.8075575317376895
326,value,1,-1,-0.49343388105412167
326,claim_domain,1,-1,0.0
327,subject_entity,1,1,2.3826278006675823
327,subject_type,1,-1,0.0
327,subject_location,1,-1,-1.3280254529959148
327,value,1,-1,-0.2825669717850108
327,claim_domain,1,-1,0.0
328,subject_entity,1,-1,-0.31089130536215137
328,subject_type,1,-1,0.0
328,subject_location,1,-1,-0.8109302162163283
328,value,1,-1,-0.23361485118150505
328,claim_domain,1,-1,0.0
329,subject_entity,1,-1,-1.0698333241180666
329,subject_type,1,1,0.9736312784893997
329,subject_location,1,1,0.15238545430268857
329,value,1,-1,-0.37124715079782344
329,claim_domain,1,-1,0.0
330,subject_entity,1,1,2.020018121209035
330,subject_type,1,1,0.9736312784894006
330,subject_location,1,1,0.262866903332057
330,value,1,1,0.431107538721502
330,claim_domain,1,-1,0.0
331,subject_entity,1,1,1.5939337258981352
331,subject_type,1,-1,0.0
331,subject_location,1,-1,-0.05334598070529317
331,value,1,1,0.3791477997907906
331,claim_domain,1,-1,0.0
332,subject_entity,1,1,0.4850177398101181
332,subject_type,1,-1,0.0
332,subject_location,1,1,1.2331719590181986
332,value,1,1,1.9499834744429494
332,claim_domain,1,-1,0.0
333,subject_entity,1,1,0.2764249179271463
333,subject_type,1,-1,-1.0192755464315884
333,subject_location,1,1,2.9813435361018907
333,value,1,1,0.27563373393560653
333,claim_domain,1,-1,0.0
334,subject_entity,1,1,0.8192984658868454
334,subject_type,1,-1,0.0
334,subject_location,1,1,0.9668430110369854
334,value,1,-1,-1.708377860289005
334,claim_domain,1,-1,0.0
335,subject_entity,1,1,2.2772672850097564
335,subject_type,1,-1,-1.0192755464315884
335,subject_location,1,1,1.3922290966397055
335,value,1,1,0.49469624183610694
335,claim_domain,1,-1,0.0
336,subject_entity,1,-1,-0.39992492773254895
336,subject_type,1,-1,-1.0192755464315884
336,subject_location,1,-1,-1.380596340005253
336,value,1,-1,-0.31047850054416415
336,claim_domain,1,-1,0.0
337,subject_entity,1,-1,-1.0986122886681091
337,subject_type,1,-1,0.0
337,subject_location,1,1,1.0303263808019771
337,value,1,-1,-0.2876820724517817
337,claim_domain,1,-1,0.0
338,subject_entity,1,-1,-1.5546296759391058
338,subject_type,1,-1,0.0
338,subject_location,1,-1,-4.094344562222101
338,value,1,-1,-0.3013248488555673
338,claim_domain,1,-1,0.0
339,subject_entity,1,1,0.9856254252752192
339,subject_type,1,-1,0.0
339,subject_location,1,1,0.3934889170614495
339,value,1,-1,-0.04255961441879563
339,claim_domain,1,-1,0.0
340,subject_entity,1,-1,-1.6360049398188221
340,subject_type,1,-1,-1.0192755464315888
340,subject_location,1,-1,-0.8153648132841949
340,value,1,-1,-0.5740045253875223
340,claim_domain,1,-1,0.0
341,subject_entity,1,-1,-2.0794415416798353
341,subject_type,1,-1,0.0
341,subject_location,1,1,1.7676619176489936
341,value,1,1,0.42050298547270515
341,claim_domain,1,-1,0.0
342,subject_entity,1,-1,-1.7186372043990916
342,subject_type,1,-1,0.0
342,subject_location,1,1,1.9819862055291226
342,value,1,1,1.54961941722319
342,claim_domain,1,-1,0.0
343,subject_entity,1,-1,-0.4613455665026205
343,subject_type,1,-1,-1.0192755464315884
343,subject_location,1,1,0.2876820724517817
343,value,1,1,1.2378743560016172
343,claim_domain,1,-1,0.0
344,subject_entity,1,1,2.6435116799646394
344,subject_type,1,-1,0.0
344,subject_location,1,1,0.8895204908095504
344,value,1,-1,-1.2192402764567252
344,claim_domain,1,-1,0.0
345,subject_entity,1,-1,-0.7884573603642702
345,subject_type,1,1,0.9736312784893997
345,subject_location,1,-1,-1.0707359191398549
345,value,1,-1,-0.2315926058007376
345,claim_domain,1,-1,0.0
346,subject_entity,1,1,0.6505875661411498
346,subject_type,1,-1,0.0
346,subject_location,1,-1,-2.460091480668275
346,value,1,-1,-2.0636931847116955
346,claim_domain,1,-1,0.0
347,subject_entity,1,1,0.5072478024181066
347,subject_type,1,1,0.9736312784894006
347,subject_location,1,-1,-0.658955815811666
347,value,1,1,1.235471471385308
347,claim_domain,1,-1,0.0
348,subject_entity,1,1,1.6668488196474396
348,subject_type,1,-1,0.0
348,subject_location,1,-1,-0.4181075015233402
348,value,1,-1,-0.5596157879354227
348,claim_domain,1,-1,0.0
349,subject_entity,1,1,1.2330902028966637
349,subject_type,1,-1,0.0
349,subject_location,1,1,0.17052698030111824
349,value,1,1,0.33647223662121384
349,claim_domain,1,-1,0.0
350,subject_entity,1,-1,-0.1956073935056044
350,subject_type,1,-1,0.0
350,subject_location,1,-1,-0.9597758438138939
350,value,1,-1,-0.22839290720035343
350,claim_domain,1,-1,0.0
351,subject_entity,1,1,0.5798184952529422
351,subject_type,1,-1,-1.0192755464315884
351,subject_location,1,-1,-0.31508104663989567
351,value,1,-1,-0.8340046132765409
351,claim_domain,1,-1,0.0
352,subject_entity,1,-1,-0.10146946016485936
352,subject_type,1,-1,-1.019275546431588
352,subject_location,1,-1,-0.5635761891515196
352,value,1,-1,-0.16498226071764588
352,claim_domain,1,-1,0.0
353,subject_entity,1,1,1.7692866133759972
353,subject_type,1,-1,0.0
353,subject_location,1,-1,-0.16175527921247745
353,value,1,1,0.6439569363691735
353,claim_domain,1,-1,0.0
354,subject_entity,1,1,0.6093772974944871
354,subject_type,1,-1,0.0
354,subject_location,1,-1,-0.8136812495882184
354,value,1,1,0.4651843428097866
354,claim_domain,1,-1,0.0
355,subject_entity,1,-1,-0.8236692419937581
355,subject_type,1,-1,0.0
355,subject_location,1,-1,-0.8512582616033004
355,value,1,-1,0.0
355,claim_domain,1,-1,0.0
356,subject_entity,1,-1,-0.6977238475873575
356,subject_type,1,-1,0.0
356,subject_location,1,1,0.7884573603642693
356,value,1,1,0.014706147389695445
356,claim_domain,1,-1,0.0
357,subject_entity,1,1,0.4167646633620983
357,subject_type,1,-1,0.0
357,subject_location,1,-1,-2.8550323914508553
357,value,1,1,2.1019143975318952
357,claim_domain,1,-1,0.0
358,subject_entity,1,1,2.7117470629835365
358,subject_type,1,-1,-1.0192755464315884
358,subject_location,1,-1,-0.5191938734365067
358,value,1,1,0.49317068852727
358,claim_domain,1,-1,0.0
359,subject_entity,1,1,1.8245492920510467
359,subject_type,1,-1,0.0
359,subject_location,1,-1,-0.06979576193554138
359,value,1,1,0.31015492830383984
359,claim_domain,1,-1,0.0
360,subject_entity,1,1,0.08040042543803771
360,subject_type,1,-1,0.0
360,subject_location,1,-1,-2.1329823086078665
360,value,1,-1,-0.8257453020014696
360,claim_domain,1,-1,0.0
361,subject_entity,1,1,0.583332314552738
361,subject_type,1,1,0.41167630820080525
361,subject_location,1,-1,-0.20024178702752593
361,value,1,1,2.797281334830151
361,claim_domain,1,1,1.7963152857639146
362,subject_entity,1,1,0.7545999597736088
362,subject_type,1,1,0.41167630820080525
362,subject_location,1,-1,-0.5900749954201316
362,value,1,1,2.3078344488801896
362,claim_domain,1,1,1.7963152857639146
363,subject_entity,1,-1,-0.19004360288786515
363,subject_type,1,-1,-0.4167011813750907
363,subject_location,1,-1,-0.3638434334173457
363,value,1,-1,-0.294902320425269
363,claim_domain,1,1,1.7963152857639146
364,subject_entity,1,1,0.6716409753389811
364,subject_type,1,-1,-0.5999534036619991
364,subject_location,1,-1,-0.25291187271006343
364,value,1,1,1.9600947840472696
364,claim_domain,1,1,1.7963152857639155
365,subject_entity,1,-1,-0.5877866649021186
365,subject_type,1,1,0.5958687729305705
365,subject_location,1,-1,-0.6435502394205734
365,value,1,-1,-0.15906469462968786
365,claim_domain,1,1,1.7963152857639146
366,subject_entity,1,-1,-0.8999415938726258
366,subject_type,1,1,0.5958687729305705
366,subject_location,1,1,0.4545977966858086
366,value,1,1,0.9044562742271527
366,claim_domain,1,1,1.7963152857639146
367,subject_entity,1,-1,-0.15894110814989126
367,subject_type,1,-1,-0.4167011813750907
367,subject_location,1,1,1.8370160608161754
367,value,1,-1,-1.3291359472799424
367,claim_domain,1,1,1.7963152857639146
368,subject_entity,1,1,0.21237145433229898
368,subject_type,1,1,0.5958687729305723
368,subject_location,1,1,3.578878558899609
368,value,1,1,0.6039160468320031
368,claim_domain,1,1,1.7963152857639155
369,subject_entity,1,1,0.9162907318741542
369,subject_type,1,1,0.5958687729305705
369,subject_location,1,-1,-0.6670360365562598
369,value,1,-1,-0.22208478996596703
369,claim_domain,1,1,1.7963152857639146
370,subject_entity,1,1,0.053652713492320814
370,subject_type,1,-1,-0.41670118137508894
370,subject_location,1,-1,-0.3741681013862497
370,value,1,1,0.0642791514045653
370,claim_domain,1,1,1.7963152857639155
371,subject_entity,1,1,0.9134698555325134
371,subject_type,1,1,0.41167630820080525
371,subject_location,1,1,0.12562621311740862
371,value,1,-1,-0.6861785112438508
371,claim_domain,1,1,1.7963152857639155
372,subject_entity,1,1,0.4286680051878271
372,subject_type,1,1,0.4116763082008035
372,subject_location,1,1,0.7118393135720975
372,value,1,1,0.9231636111619164
372,claim_domain,1,1,1.7963152857639155
373,subject_entity,1,1,0.4286680051878271
373,subject_type,1,1,0.4116763082008035
373,subject_location,1,-1,-0.12188981760903772
373,value,1,1,1.8718021769015891
373,claim_domain,1,1,1.7963152857639155
374,subject_entity,1,-1,-2.9957322735539904
374,subject_type,1,1,0.5958687729305723
374,subject_location,1,1,0.16101177020720403
374,value,1,-1,-1.3674614127867972
374,claim_domain,1,1,1.7963152857639155
375,subject_entity,1,-1,-0.5813557745718283
375,subject_type,1,1,0.5958687729305714
375,subject_location,1,1,0.10951852580649035
375,value,1,-1,-0.20860539286818192
375,claim_domain,1,1,1.7963152857639155
376,subject_entity,1,1,0.10536051565782589
376,subject_type,1,-1,-0.5999534036619982
376,subject_location,1,-1,-0.7302648435164487
376,value,1,-1,-0.2120267112078702
376,claim_domain,1,1,1.7963152857639155
377,subject_entity,1,-1,-0.4872951263557965
377,subject_type,1,-1,-0.5999534036619973
377,subject_location,1,-1,-0.008368249670516192
377,value,1,-1,-0.19834889270099332
377,claim_domain,1,1,1.7963152857639155
378,subject_entity,1,1,0.29565024210095636
378,subject_type,1,-1,-0.5999534036619991
378,subject_location,1,-1,-0.7302648435164478
378,value,1,1,0.9334270141171412
378,claim_domain,1,1,1.7963152857639146
379,subject_entity,1,-1,-1.5929766353800296
379,subject_type,1,1,0.4116763082008035
379,subject_location,1,1,0.1997961873172187
379,value,1,-1,-0.04022480131050976
379,claim_domain,1,1,1.796315285763915
380,subject_entity,1,1,0.17095779814363965
380,subject_type,1,1,0.41167630820080525
380,subject_location,1,-1,-1.7754989483562742
380,value,1,-1,-1.2992829841302598
380,claim_domain,1,1,1.7963152857639155
381,subject_entity,1,-1,-0.105360515657825
381,subject_type,1,1,0.5958687729305723
381,subject_location,1,-1,-0.1029479692524422
381,value,1,-1,-1.3245687813589342
381,claim_domain,1,1,1.7963152857639155
382,subject_entity,1,1,0.6654956492294364
382,subject_type,1,1,0.5958687729305723
382,subject_location,1,1,0.33647223662121384
382,value,1,-1,-0.412685356081651
382,claim_domain,1,1,1.7963152857639155
383,subject_entity,1,-1,-0.10709813555636671
383,subject_type,1,-1,-0.5999534036619973
383,subject_location,1,-1,-1.1801621556322175
383,value,1,-1,-1.447852254119324
383,claim_domain,1,1,1.796315285763916
384,subject_entity,1,-1,-0.6048545734142667
384,subject_type,1,-1,-0.5999534036619973
384,subject_location,1,-1,-0.33286429524501493
384,value,1,1,0.21637915122566742
384,claim_domain,1,1,1.7963152857639146
385,subject_entity,1,1,0.055569851154810834
385,subject_type,1,1,0.5958687729305705
385,subject_location,1,1,1.6751549840911153
385,value,1,-1,-0.9074017844569084
385,claim_domain,1,1,1.7963152857639155
386,subject_entity,1,-1,-1.7917594692280545
386,subject_type,1,1,0.5958687729305723
386,subject_location,1,1,0.26095183485414886
386,value,1,-1,-0.9074017844569084
386,claim_domain,1,1,1.796315285763916
387,subject_entity,1,-1,-0.5811421221834498
387,subject_type,1,-1,-0.5999534036619982
387,subject_location,1,1,0.18647956694261847
387,value,1,-1,-1.0052382178906507
387,claim_domain,1,1,1.7963152857639155
388,subject_entity,1,-1,-2.921624301400268
388,subject_type,1,1,0.41167630820080525
388,subject_location,1,1,0.5955908903937015
388,value,1,1,0.1431008436406742
388,claim_domain,1,1,1.7963152857639155
389,subject_entity,1,-1,-0.13755554292424854
389,subject_type,1,1,0.41167630820080525
389,subject_location,1,-1,-1.9731845669749717
389,value,1,-1,-1.6335354640131605
389,claim_domain,1,1,1.796315285763916
390,subject_entity,1,1,1.358123484153193
390,subject_type,1,1,0.4116763082008035
390,subject_location,1,-1,-0.3036824137982226
390,value,1,-1,-1.8585819654734568
390,claim_domain,1,1,1.7963152857639146
391,subject_entity,1,-1,-1.170476849897753
391,subject_type,1,-1,-0.5999534036619973
391,subject_location,1,-1,-0.4082623127292244
391,value,1,-1,-2.9139022553063576
391,claim_domain,1,1,1.796315285763916
392,subject_entity,1,-1,-2.639057329615259
392,subject_type,1,1,0.41167630820080525
392,subject_location,1,1,0.6466271649250519
392,value,1,-1,-0.5454311529434666
392,claim_domain,1,1,1.7963152857639155
393,subject_entity,1,-1,-1.2407867774486512
393,subject_type,1,-1,-0.5999534036619973
393,subject_location,1,1,0.2502245099168814
393,value,1,1,1.06875932551843
393,claim_domain,1,1,1.7963152857639155
394,subject_entity,1,1,1.254773019423391
394,subject_type,1,-1,-0.5999534036619973
394,subject_location,1,-1,-2.659848099284334
394,value,1,1,1.5841201044498092
394,claim_domain,1,1,1.7963152857639155
395,subject_entity,1,-1,-2.2064412324411435
395,subject_type,1,-1,-0.5999534036619973
395,subject_location,1,-1,-0.3822082459438967
395,value,1,-1,-0.15415067982725716
395,claim_domain,1,1,1.7963152857639146
396,subject_entity,1,1,0.4054651081081655
396,subject_type,1,1,0.41167630820080525
396,subject_location,1,1,0.07342746855481863
396,value,1,-1,-0.8254986320446189
396,claim_domain,1,1,1.7963152857639155
397,subject_entity,1,-1,-0.22314355131420882
397,subject_type,1,-1,-0.5999534036619973
397,subject_location,1,1,0.9555114450274367
397,value,1,1,0.2616450986687848
397,claim_domain,1,1,1.7963152857639146
398,subject_entity,1,1,0.5002435144354536
398,subject_type,1,-1,-0.5999534036619991
398,subject_location,1,1,0.4348789933144577
398,value,1,-1,-0.27115277050057074
398,claim_domain,1,1,1.7963152857639146
399,subject_entity,1,1,0.15780699103036788
399,subject_type,1,-1,-0.3592140904574084
399,subject_location,1,1,0.45918371511658584
399,value,1,-1,-0.22186885388221
399,claim_domain,1,1,2.754570216737103
400,subject_entity,1,1,0.9315582040049435
400,subject_type,1,1,0.6536883438193968
400,subject_location,1,1,0.12821065881864335
400,value,1,-1,-0.5596157879354227
400,claim_domain,1,1,2.754570216737103
401,subject_entity,1,-1,-2.0851072792155136
401,subject_type,1,-1,-0.3592140904574084
401,subject_location,1,-1,-0.3239298628441212
401,value,1,1,0.5447271754416736
401,claim_domain,1,1,2.754570216737103
402,subject_entity,1,1,1.3319600101565623
402,subject_type,1,1,0.6536883438193986
402,subject_location,1,-1,-1.5950491749820017
402,value,1,-1,-0.5266506649103881
402,claim_domain,1,1,2.754570216737103
403,subject_entity,1,1,0.3894647667617246
403,subject_type,1,-1,-0.3592140904574084
403,subject_location,1,-1,-0.08701137698962924
403,value,1,-1,-0.6743142322268536
403,claim_domain,1,1,2.754570216737103
404,subject_entity,1,1,1.6218604324326567
404,subject_type,1,1,0.6536883438193968
404,subject_location,1,1,0.5381710776565196
404,value,1,-1,-0.9715760475312436
404,claim_domain,1,1,2.7545702167371022
405,subject_entity,1,-1,-0.7817005779013897
405,subject_type,1,1,0.6536883438193986
405,subject_location,1,1,0.371063681390833
405,value,1,-1,-0.9038239631090246
405,claim_domain,1,1,2.7545702167371022
406,subject_entity,1,1,0.7587444630457583
406,subject_type,1,1,0.6536883438193986
406,subject_location,1,-1,-2.5293584123588335
406,value,1,-1,-0.26057375369370384
406,claim_domain,1,1,2.7545702167371022
407,subject_entity,1,-1,-1.3624268797132455
407,subject_type,1,1,0.6536883438193986
407,subject_location,1,-1,-0.8005674291807807
407,value,1,-1,-0.5908683314395269
407,claim_domain,1,1,2.754570216737103
408,subject_entity,1,1,0.15276275455241084
408,subject_type,1,1,0.6536883438193986
408,subject_location,1,-1,-0.1139442593492177
408,value,1,-1,-0.949399890481434
408,claim_domain,1,1,2.754570216737103
409,subject_entity,1,1,0.08373089291046654
409,subject_type,1,-1,-0.3592140904574084
409,subject_location,1,1,1.5248805244060364
409,value,1,-1,-0.21511137961694615
409,claim_domain,1,1,2.754570216737103
410,subject_entity,1,-1,-0.7975071958841884
410,subject_type,1,-1,-0.3592140904574084
410,subject_location,1,-1,-2.325841955158314
410,value,1,1,1.9084837435361948
410,claim_domain,1,1,2.7545702167371022
411,subject_entity,1,1,1.5184661342283725
411,subject_type,1,-1,-0.3592140904574084
411,subject_location,1,-1,-2.302585092994047
411,value,1,1,0.017467693040391197
411,claim_domain,1,1,2.754570216737103
412,subject_entity,1,1,0.3817110221000579
412,subject_type,1,1,0.6536883438193968
412,subject_location,1,-1,-0.28071340313568705
412,value,1,-1,-0.9779843008794966
412,claim_domain,1,1,2.7545702167371022
413,subject_entity,1,-1,-3.1451096746285927
413,subject_type,1,1,0.7940457015143192
413,subject_location,1,1,2.1668534794599204
413,value,1,-1,-0.131974164175916
413,claim_domain,1,1,1.3076512338007769
414,subject_entity,1,1,0.03455238150666062
414,subject_type,1,-1,-0.2197479623130718
414,subject_location,1,1,0.8499896520529155
414,value,1,1,3.1986731175506815
414,claim_domain,1,1,1.3076512338007777
415,subject_entity,1,-1,-0.2608090542006849
415,subject_type,1,1,0.7940457015143192
415,subject_location,1,1,0.9125100090342482
415,value,1,1,2.0794415416798353
415,claim_domain,1,1,1.3076512338007777
416,subject_entity,1,-1,-0.19415601444095731
416,subject_type,1,1,0.31382051819704593
416,subject_location,1,-1,-1.9909628129962558
416,value,1,-1,-0.23556607131276674
416,claim_domain,1,1,1.3076512338007769
417,subject_entity,1,-1,-0.664159643686693
417,subject_type,1,1,0.7940457015143201
417,subject_location,1,1,0.1758906664636637
417,value,1,-1,-2.302585092994045
417,claim_domain,1,1,1.3076512338007769
418,subject_entity,1,1,0.6592456288842641
418,subject_type,1,-1,-0.2197479623130718
418,subject_location,1,1,0.6539264674066629
418,value,1,-1,-0.5623769493767501
418,claim_domain,1,1,1.3076512338007777
419,subject_entity,1,-1,-1.871802176901591
419,subject_type,1,1,0.7940457015143201
419,subject_location,1,-1,-0.2195005600357085
419,value,1,1,0.8914226652961412
419,claim_domain,1,1,1.3076512338007769
420,subject_entity,1,-1,-0.6079167479413101
420,subject_type,1,1,0.31382051819704593
420,subject_location,1,-1,-0.7239188392267
420,value,1,1,1.3748656652962676
420,claim_domain,1,1,1.3076512338007769
421,subject_entity,1,-1,-0.23118289787362745
421,subject_type,1,1,0.31382051819704593
421,subject_location,1,-1,-0.07884006170777624
421,value,1,1,0.5013130668982919
421,claim_domain,1,1,1.3076512338007773
422,subject_entity,1,-1,-2.1594842493533735
422,subject_type,1,1,0.3138205181970468
422,subject_location,1,-1,-0.758210773907007
422,value,1,1,1.464856683622993
422,claim_domain,1,1,1.3076512338007769
423,subject_entity,1,1,0.9927442875895967
423,subject_type,1,-1,-0.6973755166694664
423,subject_location,1,1,0.44183275227903884
423,value,1,-1,-3.018546951320162
423,claim_domain,1,1,1.3076512338007769
424,subject_entity,1,1,2.090741096933769
424,subject_type,1,-1,-0.2197479623130718
424,subject_location,1,-1,-2.3460702049337847
424,value,1,-1,-0.6931471805599454
424,claim_domain,1,1,1.3076512338007777
425,subject_entity,1,1,0.5978370007556197
425,subject_type,1,1,0.7940457015143192
425,subject_location,1,-1,-1.2981016490844297
425,value,1,1,0.9108706644048166
425,claim_domain,1,1,1.3076512338007777
426,subject_entity,1,-1,-1.865545639287288
426,subject_type,1,1,0.7940457015143201
426,subject_location,1,1,1.3280254529959148
426,value,1,-1,-0.6878701234591018
426,claim_domain,1,1,1.3076512338007769
427,subject_entity,1,-1,-1.020751966895837
427,subject_type,1,1,0.794045701514321
427,subject_location,1,1,0.9456429438866838
427,value,1,1,0.5428649775106074
427,claim_domain,1,1,1.3076512338007769
428,subject_entity,1,1,0.30764281501431867
428,subject_type,1,1,0.7940457015143201
428,subject_location,1,-1,-0.03460552917747606
428,value,1,-1,-1.2573606777439972
428,claim_domain,1,1,1.3076512338007769
429,subject_entity,1,1,1.3007721876817282
429,subject_type,1,1,0.31382051819704593
429,subject_location,1,1,0.6775218626568646
429,value,1,1,0.31988060413113484
429,claim_domain,1,1,1.3076512338007769
430,subject_entity,1,-1,-1.4280914897983514
430,subject_type,1,1,0.31382051819704593
430,subject_location,1,-1,-0.5094824402195233
430,value,1,1,1.4284947156102668
430,claim_domain,1,1,1.3076512338007769
431,subject_entity,1,-1,-1.7958162699236704
431,subject_type,1,1,0.3138205181970468
431,subject_location,1,1,1.0336543923933368
431,value,1,-1,-0.835421236224624
431,claim_domain,1,1,1.3076512338007769
432,subject_entity,1,1,0.3904915663180031
432,subject_type,1,1,0.3138205181970477
432,subject_location,1,-1,-0.0584962066816086
432,value,1,1,2.1064181293780386
432,claim_domain,1,1,1.3076512338007769
433,subject_entity,1,-1,-1.0841716045133154
433,subject_type,1,1,0.7940457015143201
433,subject_location,1,-1,-0.24323030988094718
433,value,1,-1,-0.124052648669978
433,claim_domain,1,1,1.3076512338007769
434,subject_entity,1,-1,-0.20935022918187318
434,subject_type,1,1,0.7940457015143201
434,subject_location,1,-1,-1.934567872451379
434,value,1,1,0.24783616390458096
434,claim_domain,1,1,1.3076512338007769
435,subject_entity,1,-1,-2.060023455822736
435,subject_type,1,1,0.7940457015143201
435,subject_location,1,1,1.8669828904656427
435,value,1,-1,-1.6680627557816239
435,claim_domain,1,1,1.3076512338007769
436,subject_entity,1,1,0.608464093329907
436,subject_type,1,1,0.794045701514321
436,subject_location,1,-1,-1.2845116668099479
436,value,1,1,2.1282317058492684
436,claim_domain,1,1,1.3076512338007777
437,subject_entity,1,-1,-0.2277839308707117
437,subject_type,1,1,0.7940457015143201
437,subject_location,1,-1,-0.732367893713227
437,value,1,1,1.5781853689299963
437,claim_domain,1,1,1.3076512338007769
438,subject_entity,1,-1,-1.9459101490553143
438,subject_type,1,1,0.7940457015143201
438,subject_location,1,-1,-0.27286698666664044
438,value,1,-1,-1.479076094570856
438,claim_domain,1,1,1.3076512338007769
439,subject_entity,1,1,1.225363994307254
439,subject_type,1,-1,-0.12095261041766214
439,subject_location,1,1,0.6589882617486271
439,value,1,-1,-4.060443010546419
439,claim_domain,1,-1,-0.553385238184787
440,subject_entity,1,-1,-0.04049136135473752
440,subject_type,1,1,0.3870314064193252
440,subject_location,1,1,1.4663370687934272
440,value,1,-1,-1.2992829841302616
440,claim_domain,1,-1,-0.5533852381847861
441,subject_entity,1,1,1.0428209290396948
441,subject_type,1,-1,-0.12095261041766214
441,subject_location,1,1,0.4939091500992898
441,value,1,-1,-4.083171261623974
441,claim_domain,1,-1,-0.5533852381847861
442,subject_entity,1,-1,-1.3247364681204568
442,subject_type,1,1,0.3870314064193261
442,subject_location,1,-1,-0.5148989491536264
442,value,1,-1,-2.8903717578961645
442,claim_domain,1,-1,-0.553385238184787
443,subject_entity,1,-1,-1.021054054322235
443,subject_type,1,-1,-0.12095261041766214
443,subject_location,1,1,1.3291359472799424
443,value,1,-1,-3.142714463902636
443,claim_domain,1,-1,-0.553385238184787
444,subject_entity,1,1,0.152676840208958
444,subject_type,1,-1,-0.12095261041766214
444,subject_location,1,-1,-0.26349484683777735
444,value,1,-1,-0.4914779827682043
444,claim_domain,1,-1,-0.5533852381847861
445,subject_entity,1,1,0.02150620522096336
445,subject_type,1,-1,-0.12095261041766214
445,subject_location,1,1,2.044350221868566
445,value,1,-1,-0.27079385442325954
445,claim_domain,1,-1,-0.5533852381847861
446,subject_entity,1,1,1.8791014793832037
446,subject_type,1,-1,-0.3090048419206024
446,subject_location,1,1,0.5221893824163057
446,value,1,1,1.8562979903656256
446,claim_domain,1,-1,-0.5533852381847861
447,subject_entity,1,1,0.12386948171278522
447,subject_type,1,-1,-0.3090048419206024
447,subject_location,1,-1,-0.38911597010663534
447,value,1,1,0.2665012503723334
447,claim_domain,1,-1,-0.5533852381847861
448,subject_entity,1,-1,-1.3521354423085716
448,subject_type,1,-1,-0.12095261041766214
448,subject_location,1,-1,-0.48485013736272986
448,value,1,-1,-2.9207692350805363
448,claim_domain,1,-1,-0.5533852381847861
