row_idx,col_name,h1_plausible,h2_min_edit_distance,h2_is_obfuscation,h3_distribution_score,h4_coherence_score,h5_error_count,h5_codependent_flag,h6_column_importance,h7_mutability,h7_gain_direction,h7_comprehensibility,h8_is_sensitive,h8_is_majority_value,stat_change_magnitude,stat_relative_change,stat_change_direction,stat_original_magnitude,stat_new_magnitude,stat_original_log,stat_new_log,stat_feature_name_encoded,stat_original_value_encoded,stat_new_value_encoded,cluster,true_label
38996,fnlwgt,1,,,0.578298677864217,0.5344504321694457,1,0,0.2848033457360519,0.0,0.4961814389782461,0.3,0,0,47352.0,0.4579187095651165,-1.0,103406.0,56054.0,11.54642793702423,10.934088630587693,2.0,378.0,25838.0,0,0
23322,fnlwgt,1,,,0.7110504671955464,0.28689299394472234,3,1,0.2848033457360519,0.0,0.4961814389782461,0.3,0,0,43779.0,0.3085266073278505,-1.0,141896.0,98117.0,11.862856721275598,11.493926114960445,2.0,4372.0,28613.0,0,0
34740,fnlwgt,1,,,0.6489399374178186,0.8008941460344947,1,0,0.2848033457360519,0.0,0.4961814389782461,0.3,0,0,37921.0,0.32589657869180727,-1.0,116358.0,78437.0,11.664435518553645,11.270063782789915,2.0,1846.0,27234.0,0,0
2866,fnlwgt,1,,,0.6872761470321509,0.7210607506852705,1,0,0.2848033457360519,0.0,0.4961814389782461,0.3,0,0,41743.0,0.3154510005441025,-1.0,132327.0,90584.0,11.793038967922056,11.414043915410112,2.0,3465.0,28009.0,0,0
47642,fnlwgt,1,,,0.5508318109609871,0.41095885388429165,1,0,0.2848033457360519,0.0,0.4961814389782461,0.3,0,0,62282.0,0.5680901909991426,-1.0,109633.0,47351.0,11.604902824366196,10.765364336370562,2.0,1083.0,24895.0,0,0
46414,fnlwgt,0,,,0.5009319336075495,0.4027439952558317,1,0,0.2848033457360519,0.0,0.4961814389782461,0.3,0,0,34084.0,0.5193752380952381,-1.0,65624.0,31540.0,11.091711999893924,10.359043565784862,2.0,26453.0,20316.0,1,0
3666,fnlwgt,0,,,0.49696796890222295,0.4024520708462328,1,0,0.2848033457360519,0.0,0.4961814389782461,0.3,0,0,53167.0,0.6370967741935484,-1.0,83451.0,30284.0,11.332026895249765,10.318407819415048,2.0,27537.0,19651.0,1,0
28717,fnlwgt,0,,,0.47207641664831335,0.0,1,0,0.2848033457360519,0.0,0.4961814389782461,0.3,0,0,28251.0,0.5577800154001066,-1.0,50648.0,22397.0,10.832674766145303,10.016726948142638,2.0,25293.0,14214.0,1,0
37912,fnlwgt,0,,,0.323847491238225,0.473739973905155,1,0,0.2848033457360519,0.0,0.4961814389782461,0.3,0,0,70371.0,1.5364176236845553,-1.0,45801.0,24570.0,10.732083037271122,10.1093221647277,2.0,24691.0,4.0,1,0
35456,fnlwgt,0,,,0.3277988318521333,0.3126656770300249,3,1,0.2848033457360519,0.0,0.4961814389782461,0.3,0,0,54413.0,1.7498392076151275,-1.0,31095.0,23318.0,10.344834472532058,10.05702375789833,2.0,20075.0,3.0,1,0
18704,marital-status,1,0.0,0.0,1.0,0.58,2,0,0.9686384828775839,1.0,1.0,1.0,1,1,1.0,1.0,0.0,0.0,0.0,0.0,0.0,5.0,5.0,3.0,2,1
32014,marital-status,1,0.0,0.0,1.0,0.58,2,0,0.9686384828775839,1.0,1.0,1.0,1,1,1.0,1.0,0.0,0.0,0.0,0.0,0.0,5.0,5.0,3.0,2,1
17038,marital-status,1,0.0,0.0,1.0,0.7,1,0,0.9686384828775839,1.0,1.0,1.0,1,1,1.0,1.0,0.0,0.0,0.0,0.0,0.0,5.0,5.0,3.0,2,1
13713,marital-status,1,0.0,0.0,1.0,0.72,2,0,0.9686384828775839,1.0,1.0,1.0,1,1,1.0,1.0,0.0,0.0,0.0,0.0,0.0,5.0,5.0,3.0,2,1
7417,marital-status,1,0.0,0.0,1.0,0.78,2,0,0.9686384828775839,1.0,1.0,1.0,1,1,1.0,1.0,0.0,0.0,0.0,0.0,0.0,5.0,5.0,3.0,2,1
25714,capital-gain,1,,,0.8269249571236167,0.8441187142964683,1,0,0.701832971226286,1.0,0.6427272235411069,1.0,0,0,5013.0,5013.0,1.0,0.0,5013.0,0.0,8.519989278718239,10.0,1.0,98.0,3,1
11257,capital-gain,1,,,0.8269249571236167,0.9057255031005588,1,0,0.701832971226286,1.0,0.6427272235411069,1.0,0,0,5013.0,5013.0,1.0,0.0,5013.0,0.0,8.519989278718239,10.0,1.0,98.0,3,1
23680,capital-gain,1,,,0.8269249571236167,0.8501686869863188,1,0,0.701832971226286,1.0,0.6427272235411069,1.0,0,0,5013.0,5013.0,1.0,0.0,5013.0,0.0,8.519989278718239,10.0,1.0,98.0,3,1
23399,capital-gain,1,,,0.8269249571236167,0.8778747205362939,1,0,0.701832971226286,1.0,0.6427272235411069,1.0,0,0,5013.0,5013.0,1.0,0.0,5013.0,0.0,8.519989278718239,10.0,1.0,98.0,3,1
34729,capital-gain,1,,,0.8269249571236167,0.8005063723984328,1,0,0.701832971226286,1.0,0.6427272235411069,1.0,0,0,5013.0,5013.0,1.0,0.0,5013.0,0.0,8.519989278718239,10.0,1.0,98.0,3,1
5182,capital-gain,1,,,0.8269249571236167,0.8864685231254212,2,0,0.701832971226286,1.0,0.6427272235411069,1.0,0,0,5013.0,5013.0,1.0,0.0,5013.0,0.0,8.519989278718239,10.0,1.0,98.0,4,1
32305,capital-gain,1,,,0.8269249571236167,0.7789789773287878,3,0,0.701832971226286,1.0,0.6427272235411069,1.0,0,0,5013.0,5013.0,1.0,0.0,5013.0,0.0,8.519989278718239,10.0,1.0,98.0,4,1
30749,capital-gain,1,,,0.8269249571236167,0.7446868636286299,2,0,0.701832971226286,1.0,0.6427272235411069,1.0,0,0,5013.0,5013.0,1.0,0.0,5013.0,0.0,8.519989278718239,10.0,1.0,98.0,4,1
9934,capital-gain,1,,,0.8269249571236167,0.7843936626781445,2,0,0.701832971226286,1.0,0.6427272235411069,1.0,0,0,5013.0,5013.0,1.0,0.0,5013.0,0.0,8.519989278718239,10.0,1.0,98.0,4,1
23034,capital-gain,1,,,0.8269249571236167,0.81187453109478,2,0,0.701832971226286,1.0,0.6427272235411069,1.0,0,0,5013.0,5013.0,1.0,0.0,5013.0,0.0,8.519989278718239,10.0,1.0,98.0,4,1
35843,education-num,1,,,0.8601566012710152,0.7452619624622552,2,1,0.5796144060714694,0.0,0.6705992085492782,0.3,0,0,3.0,0.42857142857142855,1.0,6.0,9.0,1.9459101490553132,2.302585092994046,4.0,15.0,18.0,5,1
33259,education-num,1,,,0.8601566012710152,0.38245324233274003,2,1,0.5796144060714694,0.0,0.6705992085492782,0.3,0,0,3.0,0.42857142857142855,1.0,6.0,9.0,1.9459101490553132,2.302585092994046,4.0,15.0,18.0,5,1
18703,education-num,1,,,0.9893645386849175,0.46736592151198786,2,1,0.5796144060714694,0.0,0.6705992085492782,0.3,0,0,3.0,0.375,1.0,7.0,10.0,2.0794415416798357,2.3978952727983707,4.0,16.0,1.0,5,1
36638,education-num,1,,,0.9893645386849175,1.0,2,1,0.5796144060714694,0.0,0.6705992085492782,0.3,0,0,3.0,0.375,1.0,7.0,10.0,2.0794415416798357,2.3978952727983707,4.0,16.0,1.0,5,1
27477,education-num,1,,,0.9893645386849175,0.6449106143413255,2,1,0.5796144060714694,0.0,0.6705992085492782,0.3,0,0,3.0,0.375,1.0,7.0,10.0,2.0794415416798357,2.3978952727983707,4.0,16.0,1.0,5,1
1618,marital-status,1,0.0,0.0,1.0,1.0,3,1,0.9686384828775839,1.0,1.0,1.0,1,1,1.0,1.0,0.0,0.0,0.0,0.0,0.0,5.0,1.0,3.0,6,1
12781,marital-status,1,0.0,0.0,1.0,1.0,3,1,0.9686384828775839,1.0,1.0,1.0,1,1,1.0,1.0,0.0,0.0,0.0,0.0,0.0,5.0,6.0,3.0,6,1
15069,marital-status,1,0.0,0.0,1.0,1.0,3,1,0.9686384828775839,1.0,1.0,1.0,1,1,1.0,1.0,0.0,0.0,0.0,0.0,0.0,5.0,1.0,3.0,6,1
24928,marital-status,1,0.0,0.0,1.0,0.92,3,1,0.9686384828775839,1.0,1.0,1.0,1,1,1.0,1.0,0.0,0.0,0.0,0.0,0.0,5.0,5.0,3.0,6,1
4832,marital-status,1,0.0,0.0,1.0,0.92,3,1,0.9686384828775839,1.0,1.0,1.0,1,1,1.0,1.0,0.0,0.0,0.0,0.0,0.0,5.0,1.0,3.0,6,1
41331,fnlwgt,1,,,0.7757457796911583,0.6755463426618198,1,0,0.2848033457360519,0.0,0.4961814389782461,0.3,0,0,43612.0,0.2688298639577388,-1.0,162228.0,118616.0,11.996764196297423,11.683655094228184,2.0,6454.0,2136.0,7,0
21613,fnlwgt,1,,,0.7918162480665745,0.20380739513543877,1,0,0.2848033457360519,0.0,0.4961814389782461,0.3,0,0,50918.0,0.2915814851082593,-1.0,174626.0,123708.0,12.070407549607491,11.725687312403302,2.0,8022.0,2664.0,7,0
20427,fnlwgt,1,,,0.8224328257786546,0.45724358534604626,1,0,0.2848033457360519,0.0,0.4961814389782461,0.3,0,0,43896.0,0.247571994179554,-1.0,177305.0,133409.0,12.085632332437253,11.801182372172851,2.0,8454.0,3576.0,7,0
22386,fnlwgt,1,,,0.7548213481654299,0.4289887484622741,1,0,0.2848033457360519,0.0,0.4961814389782461,0.3,0,0,56489.0,0.33529404781689975,-1.0,168475.0,111986.0,12.034548585395555,11.62613807211185,2.0,7226.0,1342.0,7,0
44509,fnlwgt,1,,,0.7550138655595581,0.12216705503860237,1,0,0.2848033457360519,0.0,0.4961814389782461,0.3,0,0,41487.0,0.27021200377764026,-1.0,153534.0,112047.0,11.941683833047685,11.6266826298953,2.0,5552.0,1347.0,7,0
16838,fnlwgt,0,,,0.3673656110902904,0.2444122016957173,1,0,0.2848033457360519,0.0,0.4961814389782461,0.3,0,0,67056.0,0.20755873340143002,1.0,323069.0,390125.0,12.685624296991037,12.874225042850796,2.0,20702.0,23351.0,8,0
13200,fnlwgt,1,,,0.42906901391978003,0.8850082182049392,1,0,0.2848033457360519,0.0,0.4961814389782461,0.3,0,0,57651.0,0.18423323235034705,1.0,312923.0,370574.0,12.653715628537208,12.82281113238206,2.0,20188.0,22755.0,8,0
17708,fnlwgt,1,,,0.4710188697025828,0.638142133519464,1,0,0.2848033457360519,0.0,0.4961814389782461,0.3,0,0,59435.0,0.19954809164406007,1.0,297847.0,357282.0,12.604338568244966,12.786283463814371,2.0,19380.0,22294.0,8,0
28113,fnlwgt,0,,,0.36405809913871223,0.33754423483453855,3,1,0.2848033457360519,0.0,0.4961814389782461,0.3,0,0,52031.0,0.15341905921690852,1.0,339142.0,391173.0,12.73417712632634,12.876907752766403,2.0,21456.0,23384.0,8,0
6534,fnlwgt,0,,,0.08555801836097798,0.28175001345564843,1,0,0.2848033457360519,0.0,0.4961814389782461,0.3,0,0,56581.0,0.1338127931094015,1.0,422836.0,479417.0,12.954742040975205,13.080328147211219,2.0,24115.0,24972.0,8,0
36372,race,0,5.0,1.0,0.0,0.68,1,0,0.09134469573695347,0.5,0.5,0.8,1,0,1.0,1.0,0.0,0.0,0.0,0.0,0.0,8.0,1.0,0.0,9,0
32894,race,0,5.0,1.0,0.0,0.76,1,0,0.09134469573695347,0.5,0.5,0.8,1,0,1.0,1.0,0.0,0.0,0.0,0.0,0.0,8.0,5.0,0.0,9,0
41629,race,0,5.0,1.0,0.0,0.64,2,0,0.09134469573695347,0.5,0.5,0.8,1,0,1.0,1.0,0.0,0.0,0.0,0.0,0.0,8.0,5.0,0.0,9,0
9203,race,0,5.0,1.0,0.0,0.62,1,0,0.09134469573695347,0.5,0.5,0.8,1,0,1.0,1.0,0.0,0.0,0.0,0.0,0.0,8.0,5.0,0.0,9,0
23727,race,0,5.0,1.0,0.0,0.6,3,0,0.09134469573695347,0.5,0.5,0.8,1,0,1.0,1.0,0.0,0.0,0.0,0.0,0.0,8.0,5.0,0.0,9,0
19097,sex,0,1.0,0.0,0.0,0.52,1,0,0.23351546360912023,0.5,0.5,0.0,1,0,1.0,1.0,0.0,0.0,0.0,0.0,0.0,9.0,37.0,42.0,10,0
43652,sex,0,1.0,0.0,0.0,0.76,1,0,0.23351546360912023,0.5,0.5,0.0,1,0,1.0,1.0,0.0,0.0,0.0,0.0,0.0,9.0,37.0,0.0,10,0
41251,sex,0,1.0,0.0,0.0,0.58,1,0,0.23351546360912023,0.5,0.5,0.0,1,0,1.0,1.0,0.0,0.0,0.0,0.0,0.0,9.0,37.0,34.0,10,0
21439,sex,0,1.0,0.0,0.0,0.68,1,0,0.23351546360912023,0.5,0.5,0.0,1,0,1.0,1.0,0.0,0.0,0.0,0.0,0.0,9.0,37.0,0.0,10,0
39358,sex,0,1.0,0.0,0.0,0.66,1,0,0.23351546360912023,0.5,0.5,0.0,1,0,1.0,1.0,0.0,0.0,0.0,0.0,0.0,9.0,15.0,27.0,10,0
16069,education,0,1.0,0.0,0.0,0.52,2,1,0.5859149701202273,1.0,0.5,0.8,0,0,1.0,1.0,0.0,0.0,0.0,0.0,0.0,3.0,144.0,140.0,11,0
11586,relationship,0,1.0,0.0,0.0,0.7,3,1,1.0,1.0,0.5,0.8,0,0,1.0,1.0,0.0,0.0,0.0,0.0,0.0,7.0,19.0,17.0,11,0
27148,education,0,1.0,0.0,0.0,0.68,3,1,0.5859149701202273,1.0,0.5,0.8,0,0,1.0,1.0,0.0,0.0,0.0,0.0,0.0,3.0,64.0,75.0,11,0
3100,workclass,1,0.0,1.0,0.6666666666666667,0.56,2,1,0.1481239724012969,1.0,0.0,0.8,0,0,1.0,1.0,0.0,0.0,0.0,0.0,0.0,1.0,4.0,0.0,11,0
13288,relationship,0,1.0,0.0,0.0,0.48,2,1,1.0,1.0,0.5,0.8,0,0,1.0,1.0,0.0,0.0,0.0,0.0,0.0,7.0,19.0,20.0,11,0
38132,age,0,,,0.27670244449577297,0.7120528724943317,1,0,0.6330627701966957,1.0,0.637973857781612,0.0,1,0,9.0,0.47368421052631576,-1.0,18.0,9.0,2.9444389791664403,2.302585092994046,0.0,8.0,86.0,12,0
23603,age,0,,,0.4711986690586083,0.8726665968819154,2,0,0.6330627701966957,1.0,0.637973857781612,0.0,1,0,11.0,0.3793103448275862,-1.0,28.0,17.0,3.367295829986474,2.8903717578961645,0.0,18.0,7.0,12,0
33164,age,0,,,0.42257461291789944,0.7337574298440053,1,0,0.6330627701966957,1.0,0.637973857781612,0.0,1,0,14.0,0.4666666666666667,-1.0,29.0,15.0,3.4011973816621555,2.772588722239781,0.0,19.0,5.0,12,0
27976,age,0,,,0.39826258484754506,0.5413103546769003,1,0,0.6330627701966957,1.0,0.637973857781612,0.0,1,0,14.0,0.4827586206896552,-1.0,28.0,14.0,3.367295829986474,2.70805020110221,0.0,18.0,4.0,12,0
13234,age,0,,,0.20376636028470985,0.764143810133548,1,0,0.6330627701966957,1.0,0.637973857781612,0.0,1,0,13.0,0.65,-1.0,19.0,6.0,2.995732273553991,1.9459101490553132,0.0,9.0,53.0,12,0
4305,marital-status,1,0.0,0.0,0.1428571428571429,0.62,2,1,0.9686384828775839,1.0,1.0,1.0,1,0,1.0,1.0,0.0,0.0,0.0,0.0,0.0,5.0,5.0,2.0,13,1
28973,marital-status,1,0.0,0.0,0.1428571428571429,0.62,2,1,0.9686384828775839,1.0,1.0,1.0,1,0,1.0,1.0,0.0,0.0,0.0,0.0,0.0,5.0,5.0,2.0,13,1
3697,marital-status,1,0.0,0.0,0.1428571428571429,0.66,2,1,0.9686384828775839,1.0,1.0,1.0,1,0,1.0,1.0,0.0,0.0,0.0,0.0,0.0,5.0,6.0,2.0,13,1
9798,marital-status,1,0.0,0.0,0.1428571428571429,0.6,2,1,0.9686384828775839,1.0,1.0,1.0,1,0,1.0,1.0,0.0,0.0,0.0,0.0,0.0,5.0,5.0,2.0,13,1
21055,marital-status,1,0.0,0.0,0.1428571428571429,0.62,2,1,0.9686384828775839,1.0,1.0,1.0,1,0,1.0,1.0,0.0,0.0,0.0,0.0,0.0,5.0,5.0,2.0,13,1
29359,age,0,,,0.24026384321260796,0.573143705456421,1,0,0.6330627701966957,1.0,0.637973857781612,0.0,1,0,14.0,0.24561403508771928,1.0,56.0,70.0,4.04305126783455,4.2626798770413155,0.0,49.0,65.0,14,0
48278,age,0,,,0.2159518151422537,0.9175226820712407,1,0,0.6330627701966957,1.0,0.637973857781612,0.0,1,0,11.0,0.18032786885245902,1.0,60.0,71.0,4.110873864173311,4.276666119016055,0.0,54.0,66.0,14,0
36426,age,0,,,0.3131999274236713,0.6570679938751587,1,0,0.6330627701966957,1.0,0.637973857781612,0.0,1,0,12.0,0.21428571428571427,1.0,55.0,67.0,4.02535169073515,4.219507705176107,0.0,48.0,61.0,14,0
2661,age,0,,,0.11870370286083609,0.6975831675945489,1,0,0.6330627701966957,1.0,0.637973857781612,0.0,1,0,13.0,0.20634920634920634,1.0,62.0,75.0,4.143134726391533,4.330733340286331,0.0,56.0,70.0,14,0
27727,age,0,,,0.3131999274236713,0.5167118563472703,1,0,0.6330627701966957,1.0,0.637973857781612,0.0,1,0,13.0,0.23636363636363636,1.0,54.0,67.0,4.007333185232471,4.219507705176107,0.0,47.0,61.0,14,0
27751,education-num,0,,,0.36459577424557166,0.6912266211663697,1,0,0.5796144060714694,0.0,0.6705992085492782,0.3,0,0,2.0,0.14285714285714285,1.0,13.0,15.0,2.6390573296152584,2.772588722239781,4.0,4.0,6.0,15,0
858,education-num,0,,,0.23538783683166953,0.6757879522246886,1,0,0.5796144060714694,0.0,0.6705992085492782,0.3,0,0,2.0,0.13333333333333333,1.0,14.0,16.0,2.70805020110221,2.833213344056216,4.0,5.0,7.0,15,0
14010,education-num,0,,,0.36459577424557166,0.7221039590497327,1,0,0.5796144060714694,0.0,0.6705992085492782,0.3,0,0,2.0,0.14285714285714285,1.0,13.0,15.0,2.6390573296152584,2.772588722239781,4.0,4.0,6.0,15,0
10846,education-num,0,,,0.36459577424557166,0.729823293520574,1,0,0.5796144060714694,0.0,0.6705992085492782,0.3,0,0,3.0,0.23076923076923078,1.0,12.0,15.0,2.5649493574615367,2.772588722239781,4.0,3.0,6.0,15,0
19034,education-num,0,,,0.36459577424557166,0.7066652901080515,1,0,0.5796144060714694,0.0,0.6705992085492782,0.3,0,0,2.0,0.14285714285714285,1.0,13.0,15.0,2.6390573296152584,2.772588722239781,4.0,4.0,6.0,15,0
93,native-country,0,1.0,0.0,0.0,0.64,2,0,0.0639117874016856,1.0,0.5,1.0,0,0,1.0,1.0,0.0,0.0,0.0,0.0,0.0,13.0,99.0,114.0,16,0
33367,native-country,0,1.0,0.0,0.0,0.68,2,0,0.0639117874016856,1.0,0.5,1.0,0,0,1.0,1.0,0.0,0.0,0.0,0.0,0.0,13.0,99.0,102.0,16,0
44229,native-country,0,1.0,0.0,0.0,0.6,2,0,0.0639117874016856,1.0,0.5,1.0,0,0,1.0,1.0,0.0,0.0,0.0,0.0,0.0,13.0,99.0,71.0,16,0
6421,native-country,0,1.0,0.0,0.0,0.62,2,0,0.0639117874016856,1.0,0.5,1.0,0,0,1.0,1.0,0.0,0.0,0.0,0.0,0.0,13.0,99.0,106.0,16,0
37013,native-country,0,1.0,0.0,0.0,0.62,2,0,0.0639117874016856,1.0,0.5,1.0,0,0,1.0,1.0,0.0,0.0,0.0,0.0,0.0,13.0,99.0,77.0,16,0
15920,native-country,0,1.0,0.0,0.0,0.56,1,0,0.0639117874016856,1.0,0.5,1.0,0,0,1.0,1.0,0.0,0.0,0.0,0.0,0.0,13.0,18.0,20.0,17,0
21997,native-country,0,1.0,0.0,0.0,0.8,1,0,0.0639117874016856,1.0,0.5,1.0,0,0,1.0,1.0,0.0,0.0,0.0,0.0,0.0,13.0,23.0,22.0,17,0
27755,native-country,0,1.0,0.0,0.0,0.6,1,0,0.0639117874016856,1.0,0.5,1.0,0,0,1.0,1.0,0.0,0.0,0.0,0.0,0.0,13.0,99.0,88.0,17,0
8050,native-country,0,1.0,0.0,0.0,0.66,1,0,0.0639117874016856,1.0,0.5,1.0,0,0,1.0,1.0,0.0,0.0,0.0,0.0,0.0,13.0,99.0,106.0,17,0
31361,native-country,0,1.0,0.0,0.0,0.56,1,0,0.0639117874016856,1.0,0.5,1.0,0,0,1.0,1.0,0.0,0.0,0.0,0.0,0.0,13.0,99.0,66.0,17,0
38021,age,1,,,0.5441347532696714,0.44725727282831507,1,0,0.6330627701966957,1.0,0.637973857781612,0.0,1,0,6.0,0.2222222222222222,-1.0,26.0,20.0,3.295836866004329,3.044522437723423,0.0,16.0,10.0,18,0
21219,age,1,,,0.568446781340026,0.4327875679285328,1,0,0.6330627701966957,1.0,0.637973857781612,0.0,1,0,10.0,0.3125,-1.0,31.0,21.0,3.4657359027997265,3.091042453358316,0.0,22.0,11.0,18,0
15821,age,1,,,0.6170708374807348,0.7786135150333304,1,0,0.6330627701966957,1.0,0.637973857781612,0.0,1,0,15.0,0.38461538461538464,-1.0,38.0,23.0,3.6635616461296463,3.1780538303479458,0.0,29.0,13.0,18,0
20555,age,1,,,0.519822725199317,0.3069011353004266,1,0,0.6330627701966957,1.0,0.637973857781612,0.0,1,0,11.0,0.3548387096774194,-1.0,30.0,19.0,3.4339872044851463,2.995732273553991,0.0,21.0,9.0,18,0
19521,age,1,,,0.568446781340026,0.7120528724943317,1,0,0.6330627701966957,1.0,0.637973857781612,0.0,1,0,13.0,0.37142857142857144,-1.0,34.0,21.0,3.5553480614894135,3.091042453358316,0.0,25.0,11.0,18,0
12781,relationship,1,0.0,0.0,0.33333333333333337,0.98,3,1,1.0,1.0,1.0,0.8,0,0,1.0,1.0,0.0,0.0,0.0,0.0,0.0,7.0,108.0,177.0,19,1
26610,relationship,1,0.0,0.0,0.33333333333333337,0.84,3,1,1.0,1.0,1.0,0.8,0,0,1.0,1.0,0.0,0.0,0.0,0.0,0.0,7.0,69.0,177.0,19,1
25105,relationship,1,0.0,0.0,0.33333333333333337,0.9,3,1,1.0,1.0,1.0,0.8,0,0,1.0,1.0,0.0,0.0,0.0,0.0,0.0,7.0,162.0,177.0,19,1
3898,relationship,1,0.0,0.0,0.33333333333333337,0.92,3,1,1.0,1.0,1.0,0.8,0,0,1.0,1.0,0.0,0.0,0.0,0.0,0.0,7.0,108.0,177.0,19,1
24928,relationship,1,0.0,0.0,0.33333333333333337,0.82,3,1,1.0,1.0,1.0,0.8,0,0,1.0,1.0,0.0,0.0,0.0,0.0,0.0,7.0,162.0,177.0,19,1
15597,education,0,1.0,0.0,0.0,0.6,2,0,0.5859149701202273,1.0,0.5,0.8,0,0,1.0,1.0,0.0,0.0,0.0,0.0,0.0,3.0,70.0,71.0,20,0
24657,education,0,1.0,0.0,0.0,0.66,2,0,0.5859149701202273,1.0,0.5,0.8,0,0,1.0,1.0,0.0,0.0,0.0,0.0,0.0,3.0,144.0,164.0,20,0
6127,education,0,1.0,0.0,0.0,0.68,3,0,0.5859149701202273,1.0,0.5,0.8,0,0,1.0,1.0,0.0,0.0,0.0,0.0,0.0,3.0,230.0,229.0,20,0
38748,education,0,1.0,0.0,0.0,0.56,2,0,0.5859149701202273,1.0,0.5,0.8,0,0,1.0,1.0,0.0,0.0,0.0,0.0,0.0,3.0,103.0,119.0,20,0
14651,education,0,1.0,0.0,0.0,0.52,2,0,0.5859149701202273,1.0,0.5,0.8,0,0,1.0,1.0,0.0,0.0,0.0,0.0,0.0,3.0,144.0,162.0,20,0
24236,workclass,1,0.0,1.0,0.6666666666666667,0.64,2,0,0.1481239724012969,1.0,0.0,0.8,0,0,1.0,1.0,0.0,0.0,0.0,0.0,0.0,1.0,4.0,0.0,21,0
23292,workclass,1,0.0,1.0,0.6666666666666667,0.92,3,0,0.1481239724012969,1.0,0.0,0.8,0,0,0.0,0.0,0.0,0.0,0.0,0.0,0.0,1.0,0.0,0.0,21,0
26076,workclass,1,0.0,1.0,0.6666666666666667,0.72,2,0,0.1481239724012969,1.0,0.0,0.8,0,0,1.0,1.0,0.0,0.0,0.0,0.0,0.0,1.0,2.0,0.0,21,0
7433,workclass,1,0.0,1.0,0.6666666666666667,0.62,2,0,0.1481239724012969,1.0,0.0,0.8,0,0,1.0,1.0,0.0,0.0,0.0,0.0,0.0,1.0,6.0,0.0,21,0
11605,workclass,1,0.0,1.0,0.6666666666666667,0.74,2,0,0.1481239724012969,1.0,0.0,0.8,0,0,1.0,1.0,0.0,0.0,0.0,0.0,0.0,1.0,4.0,0.0,21,0
13185,native-country,1,0.0,1.0,0.9523809523809523,0.62,2,0,0.0639117874016856,1.0,1.0,1.0,0,0,1.0,1.0,0.0,0.0,0.0,0.0,0.0,13.0,99.0,2.0,22,0
20876,native-country,1,0.0,1.0,0.9523809523809523,0.62,2,0,0.0639117874016856,1.0,1.0,1.0,0,0,1.0,1.0,0.0,0.0,0.0,0.0,0.0,13.0,99.0,2.0,22,0
11919,native-country,1,0.0,1.0,0.9523809523809523,0.68,2,0,0.0639117874016856,1.0,1.0,1.0,0,0,1.0,1.0,0.0,0.0,0.0,0.0,0.0,13.0,99.0,2.0,22,0
44950,native-country,1,0.0,1.0,0.9523809523809523,0.54,2,0,0.0639117874016856,1.0,1.0,1.0,0,0,1.0,1.0,0.0,0.0,0.0,0.0,0.0,13.0,18.0,2.0,22,0
42349,native-country,1,0.0,1.0,0.9523809523809523,0.62,2,0,0.0639117874016856,1.0,1.0,1.0,0,0,1.0,1.0,0.0,0.0,0.0,0.0,0.0,13.0,99.0,2.0,22,0
35717,marital-status,0,7.0,1.0,0.0,0.56,1,0,0.9686384828775839,1.0,0.5,1.0,1,0,1.0,1.0,0.0,0.0,0.0,0.0,0.0,5.0,3.0,0.0,23,0
46503,marital-status,0,7.0,1.0,0.0,0.66,1,0,0.9686384828775839,1.0,0.5,1.0,1,0,1.0,1.0,0.0,0.0,0.0,0.0,0.0,5.0,1.0,0.0,23,0
38670,marital-status,0,7.0,1.0,0.0,0.62,1,0,0.9686384828775839,1.0,0.5,1.0,1,0,1.0,1.0,0.0,0.0,0.0,0.0,0.0,5.0,3.0,0.0,23,0
12132,marital-status,0,7.0,1.0,0.0,0.54,1,0,0.9686384828775839,1.0,0.5,1.0,1,0,1.0,1.0,0.0,0.0,0.0,0.0,0.0,5.0,6.0,0.0,23,0
48626,marital-status,0,7.0,1.0,0.0,0.72,1,0,0.9686384828775839,1.0,0.5,1.0,1,0,1.0,1.0,0.0,0.0,0.0,0.0,0.0,5.0,5.0,0.0,23,0
41748,marital-status,0,7.0,1.0,0.0,0.58,2,0,0.9686384828775839,1.0,0.5,1.0,1,0,1.0,1.0,0.0,0.0,0.0,0.0,0.0,5.0,3.0,0.0,24,0
5507,marital-status,0,7.0,1.0,0.0,0.66,2,0,0.9686384828775839,1.0,0.5,1.0,1,0,1.0,1.0,0.0,0.0,0.0,0.0,0.0,5.0,1.0,0.0,24,0
2415,marital-status,0,7.0,1.0,0.0,0.72,2,0,0.9686384828775839,1.0,0.5,1.0,1,0,1.0,1.0,0.0,0.0,0.0,0.0,0.0,5.0,3.0,0.0,24,0
5653,marital-status,0,7.0,1.0,0.0,0.72,2,0,0.9686384828775839,1.0,0.5,1.0,1,0,1.0,1.0,0.0,0.0,0.0,0.0,0.0,5.0,1.0,0.0,24,0
18626,marital-status,0,7.0,1.0,0.0,0.56,2,0,0.9686384828775839,1.0,0.5,1.0,1,0,1.0,1.0,0.0,0.0,0.0,0.0,0.0,5.0,3.0,0.0,24,0
6127,age,1,,,0.6292562923382785,0.7207346954342011,3,0,0.6330627701966957,1.0,0.637973857781612,0.0,1,0,12.0,0.27906976744186046,1.0,42.0,54.0,3.7612001156935624,4.007333185232471,0.0,34.0,47.0,25,0
31188,age,1,,,0.9331272023953421,0.8538559805121982,3,0,0.6330627701966957,1.0,0.637973857781612,0.0,1,0,14.0,0.6086956521739131,1.0,22.0,36.0,3.1354942159291497,3.6109179126442243,0.0,12.0,27.0,25,1
10773,age,1,,,0.7265044046196962,0.892924183741611,2,0,0.6330627701966957,1.0,0.637973857781612,0.0,1,0,14.0,0.3783783783783784,1.0,36.0,50.0,3.6109179126442243,3.9318256327243257,0.0,27.0,43.0,25,1
20537,age,1,,,0.8845031462546332,0.8104468658128516,2,0,0.6330627701966957,1.0,0.637973857781612,0.0,1,0,14.0,0.6666666666666666,1.0,20.0,34.0,3.044522437723423,3.5553480614894135,0.0,10.0,25.0,25,1
21444,age,1,,,0.9453126572528859,0.8466211280623075,2,0,0.6330627701966957,1.0,0.637973857781612,0.0,1,0,14.0,0.5,1.0,27.0,41.0,3.332204510175204,3.7376696182833684,0.0,17.0,33.0,25,1
29446,age,1,,,0.9210006291825314,0.9493560328507616,1,0,0.6330627701966957,1.0,0.637973857781612,0.0,1,0,14.0,0.4827586206896552,1.0,28.0,42.0,3.367295829986474,3.7612001156935624,0.0,18.0,34.0,26,1
15347,age,1,,,0.9939367133935947,0.9536969443206965,1,0,0.6330627701966957,1.0,0.637973857781612,0.0,1,0,14.0,0.5384615384615384,1.0,25.0,39.0,3.258096538021482,3.6888794541139363,0.0,15.0,30.0,26,1
31649,age,1,,,0.9210006291825314,0.87700750835185,1,0,0.6330627701966957,1.0,0.637973857781612,0.0,1,0,14.0,0.4827586206896552,1.0,28.0,42.0,3.367295829986474,3.7612001156935624,0.0,18.0,34.0,26,1
23804,age,1,,,0.8966886011121771,0.9117348001113279,1,0,0.6330627701966957,1.0,0.637973857781612,0.0,1,0,14.0,0.4666666666666667,1.0,29.0,43.0,3.4011973816621555,3.784189633918261,0.0,19.0,35.0,26,1
21746,age,1,,,0.4347600677754434,0.266385961581036,1,0,0.6330627701966957,1.0,0.637973857781612,0.0,1,0,13.0,0.26,1.0,49.0,62.0,3.912023005428146,4.143134726391533,0.0,41.0,56.0,26,0
25440,hours-per-week,0,,,0.4204274279892587,0.6163675918019276,1,0,0.3765115207630643,1.0,0.63803846497504,0.3,0,0,2.0,0.03278688524590164,1.0,60.0,62.0,4.110873864173311,4.143134726391533,12.0,59.0,61.0,27,0
2439,hours-per-week,0,,,0.3666757966136941,0.4406703964507095,1,0,0.3765115207630643,1.0,0.63803846497504,0.3,0,0,4.0,0.06557377049180328,1.0,60.0,64.0,4.110873864173311,4.174387269895637,12.0,59.0,63.0,27,0
17453,hours-per-week,0,,,0.0,0.0,1,0,0.3765115207630643,1.0,0.63803846497504,0.3,0,0,3.0,0.03,1.0,99.0,102.0,4.605170185988092,4.634728988229636,12.0,99.0,3.0,27,0
26348,hours-per-week,0,,,0.3666757966136941,0.3858657667081278,2,0,0.3765115207630643,1.0,0.63803846497504,0.3,0,0,4.0,0.06557377049180328,1.0,60.0,64.0,4.110873864173311,4.174387269895637,12.0,59.0,63.0,27,0
35303,hours-per-week,0,,,0.020775262119364868,0.0,1,0,0.3765115207630643,1.0,0.63803846497504,0.3,0,0,1.0,0.16666666666666666,-1.0,5.0,4.0,1.791759469228055,1.6094379124341003,12.0,47.0,36.0,27,0
3030,relationship,0,1.0,0.0,0.0,0.58,2,0,1.0,1.0,0.5,0.8,0,0,1.0,1.0,0.0,0.0,0.0,0.0,0.0,7.0,19.0,183.0,28,0
23050,relationship,0,1.0,0.0,0.0,0.68,2,0,1.0,1.0,0.5,0.8,0,0,1.0,1.0,0.0,0.0,0.0,0.0,0.0,7.0,19.0,6.0,28,0
5694,relationship,0,1.0,0.0,0.0,0.52,2,0,1.0,1.0,0.5,0.8,0,0,1.0,1.0,0.0,0.0,0.0,0.0,0.0,7.0,69.0,63.0,28,0
23418,relationship,0,1.0,0.0,0.0,0.66,2,0,1.0,1.0,0.5,0.8,0,0,1.0,1.0,0.0,0.0,0.0,0.0,0.0,7.0,108.0,106.0,28,0
3450,relationship,0,1.0,0.0,0.0,0.68,2,0,1.0,1.0,0.5,0.8,0,0,1.0,1.0,0.0,0.0,0.0,0.0,0.0,7.0,19.0,93.0,28,0
8016,relationship,0,1.0,0.0,0.0,0.7,1,0,1.0,1.0,0.5,0.8,0,0,1.0,1.0,0.0,0.0,0.0,0.0,0.0,7.0,69.0,84.0,29,0
28965,relationship,0,1.0,0.0,0.0,0.66,1,0,1.0,1.0,0.5,0.8,0,0,1.0,1.0,0.0,0.0,0.0,0.0,0.0,7.0,125.0,137.0,29,0
48482,relationship,0,1.0,0.0,0.0,0.6,1,0,1.0,1.0,0.5,0.8,0,0,1.0,1.0,0.0,0.0,0.0,0.0,0.0,7.0,177.0,175.0,29,0
14299,relationship,0,1.0,0.0,0.0,0.64,1,0,1.0,1.0,0.5,0.8,0,0,1.0,1.0,0.0,0.0,0.0,0.0,0.0,7.0,19.0,22.0,29,0
45973,relationship,0,1.0,0.0,0.0,0.7,1,0,1.0,1.0,0.5,0.8,0,0,1.0,1.0,0.0,0.0,0.0,0.0,0.0,7.0,69.0,11.0,29,0
34657,education-num,1,,,0.7522195864872782,0.6063139419871219,1,0,0.5796144060714694,0.0,0.6705992085492782,0.3,0,0,3.0,0.3,1.0,9.0,12.0,2.302585092994046,2.5649493574615367,4.0,18.0,3.0,30,1
12141,education-num,1,,,0.7522195864872782,0.5368399317495551,1,0,0.5796144060714694,0.0,0.6705992085492782,0.3,0,0,3.0,0.3,1.0,9.0,12.0,2.302585092994046,2.5649493574615367,4.0,18.0,3.0,30,1
16194,education-num,1,,,0.7522195864872782,0.49052392492451036,1,0,0.5796144060714694,0.0,0.6705992085492782,0.3,0,0,3.0,0.3,1.0,9.0,12.0,2.302585092994046,2.5649493574615367,4.0,18.0,3.0,30,1
241,education-num,1,,,0.7522195864872782,0.559997935162077,1,0,0.5796144060714694,0.0,0.6705992085492782,0.3,0,0,3.0,0.3,1.0,9.0,12.0,2.302585092994046,2.5649493574615367,4.0,18.0,3.0,30,1
4518,education-num,1,,,0.7522195864872782,0.6063139419871219,1,0,0.5796144060714694,0.0,0.6705992085492782,0.3,0,0,3.0,0.3,1.0,9.0,12.0,2.302585092994046,2.5649493574615367,4.0,18.0,3.0,30,1
18430,education-num,1,,,0.6230116490733759,0.6757879522246886,1,0,0.5796144060714694,0.0,0.6705992085492782,0.3,0,0,3.0,0.2727272727272727,1.0,10.0,13.0,2.3978952727983707,2.6390573296152584,4.0,1.0,4.0,31,1
10088,education-num,1,,,0.4938037116594739,0.6449106143413255,1,0,0.5796144060714694,0.0,0.6705992085492782,0.3,0,0,2.0,0.15384615384615385,1.0,12.0,14.0,2.5649493574615367,2.70805020110221,4.0,3.0,5.0,31,0
3290,education-num,1,,,0.6230116490733759,0.6912266211663697,1,0,0.5796144060714694,0.0,0.6705992085492782,0.3,0,0,2.0,0.16666666666666666,1.0,11.0,13.0,2.4849066497880004,2.6390573296152584,4.0,2.0,4.0,31,0
24418,education-num,1,,,0.6230116490733759,0.6603492832830067,1,0,0.5796144060714694,0.0,0.6705992085492782,0.3,0,0,2.0,0.16666666666666666,1.0,11.0,13.0,2.4849066497880004,2.6390573296152584,4.0,2.0,4.0,31,0
17631,education-num,1,,,0.6230116490733759,0.7452619624622552,1,0,0.5796144060714694,0.0,0.6705992085492782,0.3,0,0,3.0,0.2727272727272727,1.0,10.0,13.0,2.3978952727983707,2.6390573296152584,4.0,1.0,4.0,31,1
18771,relationship,1,0.0,0.0,1.0,1.0,2,1,1.0,1.0,1.0,0.8,0,0,1.0,1.0,0.0,0.0,0.0,0.0,0.0,7.0,162.0,19.0,32,1
10350,relationship,1,0.0,0.0,1.0,1.0,2,1,1.0,1.0,1.0,0.8,0,0,1.0,1.0,0.0,0.0,0.0,0.0,0.0,7.0,69.0,19.0,32,1
36996,relationship,1,0.0,0.0,1.0,1.0,2,1,1.0,1.0,1.0,0.8,0,0,1.0,1.0,0.0,0.0,0.0,0.0,0.0,7.0,69.0,19.0,32,1
31146,relationship,1,0.0,0.0,1.0,1.0,2,1,1.0,1.0,1.0,0.8,0,0,1.0,1.0,0.0,0.0,0.0,0.0,0.0,7.0,125.0,19.0,32,1
15886,relationship,1,0.0,0.0,1.0,0.98,2,1,1.0,1.0,1.0,0.8,0,0,1.0,1.0,0.0,0.0,0.0,0.0,0.0,7.0,69.0,19.0,32,1
881,relationship,1,0.0,0.0,1.0,0.72,2,1,1.0,1.0,1.0,0.8,0,0,1.0,1.0,0.0,0.0,0.0,0.0,0.0,7.0,69.0,19.0,33,1
30302,relationship,1,0.0,0.0,1.0,0.68,2,1,1.0,1.0,1.0,0.8,0,0,1.0,1.0,0.0,0.0,0.0,0.0,0.0,7.0,162.0,19.0,33,1
12651,relationship,1,0.0,0.0,1.0,0.72,2,1,1.0,1.0,1.0,0.8,0,0,1.0,1.0,0.0,0.0,0.0,0.0,0.0,7.0,162.0,19.0,33,1
15860,relationship,1,0.0,0.0,1.0,0.68,2,1,1.0,1.0,1.0,0.8,0,0,1.0,1.0,0.0,0.0,0.0,0.0,0.0,7.0,125.0,19.0,33,1
18582,relationship,1,0.0,0.0,1.0,0.76,2,1,1.0,1.0,1.0,0.8,0,0,1.0,1.0,0.0,0.0,0.0,0.0,0.0,7.0,69.0,19.0,33,1
24992,education,1,0.0,0.0,0.25,0.64,2,0,0.5859149701202273,1.0,1.0,0.8,0,0,1.0,1.0,0.0,0.0,0.0,0.0,0.0,3.0,6.0,125.0,34,1
14069,education,1,0.0,0.0,0.25,0.62,2,0,0.5859149701202273,1.0,1.0,0.8,0,0,1.0,1.0,0.0,0.0,0.0,0.0,0.0,3.0,40.0,125.0,34,1
33989,education,1,0.0,0.0,0.75,0.66,2,0,0.5859149701202273,1.0,1.0,0.8,0,0,1.0,1.0,0.0,0.0,0.0,0.0,0.0,3.0,34.0,70.0,34,1
13511,education,1,0.0,0.0,0.4375,0.56,2,0,0.5859149701202273,1.0,1.0,0.8,0,0,1.0,1.0,0.0,0.0,0.0,0.0,0.0,3.0,40.0,200.0,34,1
4396,education,1,0.0,0.0,0.25,0.64,2,0,0.5859149701202273,1.0,1.0,0.8,0,0,1.0,1.0,0.0,0.0,0.0,0.0,0.0,3.0,6.0,125.0,34,1
35352,marital-status,1,0.0,0.0,1.0,0.96,2,1,0.9686384828775839,1.0,1.0,1.0,1,1,1.0,1.0,0.0,0.0,0.0,0.0,0.0,5.0,5.0,3.0,35,1
36367,marital-status,1,0.0,0.0,1.0,0.96,2,1,0.9686384828775839,1.0,1.0,1.0,1,1,1.0,1.0,0.0,0.0,0.0,0.0,0.0,5.0,5.0,3.0,35,1
28780,marital-status,1,0.0,0.0,1.0,0.96,2,1,0.9686384828775839,1.0,1.0,1.0,1,1,1.0,1.0,0.0,0.0,0.0,0.0,0.0,5.0,5.0,3.0,35,1
23211,marital-status,1,0.0,0.0,1.0,0.96,2,1,0.9686384828775839,1.0,1.0,1.0,1,1,1.0,1.0,0.0,0.0,0.0,0.0,0.0,5.0,5.0,3.0,35,1
26596,marital-status,1,0.0,0.0,1.0,0.96,2,1,0.9686384828775839,1.0,1.0,1.0,1,1,1.0,1.0,0.0,0.0,0.0,0.0,0.0,5.0,5.0,3.0,35,1
1635,marital-status,1,0.0,0.0,1.0,0.9,2,1,0.9686384828775839,1.0,1.0,1.0,1,1,1.0,1.0,0.0,0.0,0.0,0.0,0.0,5.0,1.0,3.0,36,1
36953,marital-status,1,0.0,0.0,1.0,0.94,2,1,0.9686384828775839,1.0,1.0,1.0,1,1,1.0,1.0,0.0,0.0,0.0,0.0,0.0,5.0,1.0,3.0,36,1
11118,marital-status,1,0.0,0.0,1.0,0.92,2,1,0.9686384828775839,1.0,1.0,1.0,1,1,1.0,1.0,0.0,0.0,0.0,0.0,0.0,5.0,5.0,3.0,36,1
6649,marital-status,1,0.0,0.0,1.0,0.92,2,1,0.9686384828775839,1.0,1.0,1.0,1,1,1.0,1.0,0.0,0.0,0.0,0.0,0.0,5.0,1.0,3.0,36,1
38545,marital-status,1,0.0,0.0,1.0,0.9,2,1,0.9686384828775839,1.0,1.0,1.0,1,1,1.0,1.0,0.0,0.0,0.0,0.0,0.0,5.0,5.0,3.0,36,1
31269,marital-status,1,0.0,0.0,1.0,0.98,2,1,0.9686384828775839,1.0,1.0,1.0,1,1,1.0,1.0,0.0,0.0,0.0,0.0,0.0,5.0,5.0,3.0,37,1
31688,marital-status,1,0.0,0.0,1.0,0.98,2,1,0.9686384828775839,1.0,1.0,1.0,1,1,1.0,1.0,0.0,0.0,0.0,0.0,0.0,5.0,1.0,3.0,37,1
14071,marital-status,1,0.0,0.0,1.0,0.98,2,1,0.9686384828775839,1.0,1.0,1.0,1,1,1.0,1.0,0.0,0.0,0.0,0.0,0.0,5.0,5.0,3.0,37,1
37578,marital-status,1,0.0,0.0,1.0,0.98,2,1,0.9686384828775839,1.0,1.0,1.0,1,1,1.0,1.0,0.0,0.0,0.0,0.0,0.0,5.0,1.0,3.0,37,1
19193,marital-status,1,0.0,0.0,1.0,0.98,2,1,0.9686384828775839,1.0,1.0,1.0,1,1,1.0,1.0,0.0,0.0,0.0,0.0,0.0,5.0,6.0,3.0,37,1
35323,relationship,1,0.0,0.0,1.0,0.78,2,0,1.0,1.0,1.0,0.8,0,0,1.0,1.0,0.0,0.0,0.0,0.0,0.0,7.0,69.0,19.0,38,1
16345,relationship,1,0.0,0.0,1.0,0.66,2,0,1.0,1.0,1.0,0.8,0,0,1.0,1.0,0.0,0.0,0.0,0.0,0.0,7.0,69.0,19.0,38,1
8213,relationship,1,0.0,0.0,1.0,0.6,2,0,1.0,1.0,1.0,0.8,0,0,1.0,1.0,0.0,0.0,0.0,0.0,0.0,7.0,69.0,19.0,38,1
20023,relationship,1,0.0,0.0,1.0,0.78,2,0,1.0,1.0,1.0,0.8,0,0,1.0,1.0,0.0,0.0,0.0,0.0,0.0,7.0,69.0,19.0,38,1
38450,relationship,1,0.0,0.0,1.0,0.7,2,0,1.0,1.0,1.0,0.8,0,0,1.0,1.0,0.0,0.0,0.0,0.0,0.0,7.0,69.0,19.0,38,1
15373,relationship,1,0.0,0.0,0.33333333333333337,0.78,2,0,1.0,1.0,1.0,0.8,0,0,1.0,1.0,0.0,0.0,0.0,0.0,0.0,7.0,125.0,177.0,39,1
12616,relationship,1,0.0,0.0,0.33333333333333337,0.82,2,0,1.0,1.0,1.0,0.8,0,0,1.0,1.0,0.0,0.0,0.0,0.0,0.0,7.0,162.0,177.0,39,1
38044,relationship,1,0.0,0.0,0.33333333333333337,0.6,2,0,1.0,1.0,1.0,0.8,0,0,1.0,1.0,0.0,0.0,0.0,0.0,0.0,7.0,19.0,177.0,39,1
37448,relationship,1,0.0,0.0,0.33333333333333337,0.54,2,0,1.0,1.0,1.0,0.8,0,0,1.0,1.0,0.0,0.0,0.0,0.0,0.0,7.0,162.0,177.0,39,1
1488,relationship,1,0.0,0.0,0.33333333333333337,0.96,2,0,1.0,1.0,1.0,0.8,0,0,1.0,1.0,0.0,0.0,0.0,0.0,0.0,7.0,162.0,177.0,39,1
33482,relationship,1,0.0,0.0,0.33333333333333337,0.74,1,0,1.0,1.0,1.0,0.8,0,0,1.0,1.0,0.0,0.0,0.0,0.0,0.0,7.0,162.0,177.0,40,1
4571,relationship,1,0.0,0.0,0.33333333333333337,0.76,1,0,1.0,1.0,1.0,0.8,0,0,1.0,1.0,0.0,0.0,0.0,0.0,0.0,7.0,162.0,177.0,40,1
28466,relationship,1,0.0,0.0,0.33333333333333337,0.62,1,0,1.0,1.0,1.0,0.8,0,0,1.0,1.0,0.0,0.0,0.0,0.0,0.0,7.0,162.0,177.0,40,1
31312,relationship,1,0.0,0.0,0.33333333333333337,0.56,1,0,1.0,1.0,1.0,0.8,0,0,1.0,1.0,0.0,0.0,0.0,0.0,0.0,7.0,69.0,177.0,40,1
8769,relationship,1,0.0,0.0,0.33333333333333337,0.8,1,0,1.0,1.0,1.0,0.8,0,0,1.0,1.0,0.0,0.0,0.0,0.0,0.0,7.0,69.0,177.0,40,1
14936,marital-status,1,0.0,0.0,1.0,1.0,2,1,0.9686384828775839,1.0,1.0,1.0,1,1,1.0,1.0,0.0,0.0,0.0,0.0,0.0,5.0,1.0,3.0,41,1
12536,marital-status,1,0.0,0.0,1.0,1.0,2,1,0.9686384828775839,1.0,1.0,1.0,1,1,1.0,1.0,0.0,0.0,0.0,0.0,0.0,5.0,1.0,3.0,41,1
24626,marital-status,1,0.0,0.0,1.0,1.0,2,1,0.9686384828775839,1.0,1.0,1.0,1,1,1.0,1.0,0.0,0.0,0.0,0.0,0.0,5.0,1.0,3.0,41,1
26057,marital-status,1,0.0,0.0,1.0,1.0,2,1,0.9686384828775839,1.0,1.0,1.0,1,1,1.0,1.0,0.0,0.0,0.0,0.0,0.0,5.0,1.0,3.0,41,1
13799,marital-status,1,0.0,0.0,1.0,1.0,2,1,0.9686384828775839,1.0,1.0,1.0,1,1,1.0,1.0,0.0,0.0,0.0,0.0,0.0,5.0,1.0,3.0,41,1
35267,marital-status,1,0.0,0.0,1.0,1.0,2,1,0.9686384828775839,1.0,1.0,1.0,1,1,1.0,1.0,0.0,0.0,0.0,0.0,0.0,5.0,5.0,3.0,42,1
135,marital-status,1,0.0,0.0,1.0,1.0,2,1,0.9686384828775839,1.0,1.0,1.0,1,1,1.0,1.0,0.0,0.0,0.0,0.0,0.0,5.0,5.0,3.0,42,1
35221,marital-status,1,0.0,0.0,1.0,1.0,2,1,0.9686384828775839,1.0,1.0,1.0,1,1,1.0,1.0,0.0,0.0,0.0,0.0,0.0,5.0,7.0,3.0,42,1
12259,marital-status,1,0.0,0.0,1.0,1.0,2,1,0.9686384828775839,1.0,1.0,1.0,1,1,1.0,1.0,0.0,0.0,0.0,0.0,0.0,5.0,5.0,3.0,42,1
9495,marital-status,1,0.0,0.0,1.0,1.0,2,1,0.9686384828775839,1.0,1.0,1.0,1,1,1.0,1.0,0.0,0.0,0.0,0.0,0.0,5.0,5.0,3.0,42,1
36139,education,1,0.0,0.0,0.875,0.6,1,0,0.5859149701202273,1.0,1.0,0.8,0,0,1.0,1.0,0.0,0.0,0.0,0.0,0.0,3.0,15.0,103.0,43,1
9692,education,1,0.0,0.0,0.25,0.68,1,0,0.5859149701202273,1.0,1.0,0.8,0,0,1.0,1.0,0.0,0.0,0.0,0.0,0.0,3.0,46.0,125.0,43,1
32786,education,1,0.0,0.0,0.4375,0.56,1,0,0.5859149701202273,1.0,1.0,0.8,0,0,1.0,1.0,0.0,0.0,0.0,0.0,0.0,3.0,34.0,200.0,43,1
8820,education,1,0.0,0.0,0.25,0.72,1,0,0.5859149701202273,1.0,1.0,0.8,0,0,1.0,1.0,0.0,0.0,0.0,0.0,0.0,3.0,21.0,125.0,43,1
37432,education,1,0.0,0.0,0.625,0.6,1,0,0.5859149701202273,1.0,1.0,0.8,0,0,1.0,1.0,0.0,0.0,0.0,0.0,0.0,3.0,6.0,64.0,43,1
38528,relationship,1,0.0,0.0,1.0,0.6,1,0,1.0,1.0,1.0,0.8,0,0,1.0,1.0,0.0,0.0,0.0,0.0,0.0,7.0,162.0,19.0,44,1
2242,relationship,1,0.0,0.0,1.0,0.66,1,0,1.0,1.0,1.0,0.8,0,0,1.0,1.0,0.0,0.0,0.0,0.0,0.0,7.0,69.0,19.0,44,1
9644,relationship,1,0.0,0.0,1.0,0.74,1,0,1.0,1.0,1.0,0.8,0,0,1.0,1.0,0.0,0.0,0.0,0.0,0.0,7.0,69.0,19.0,44,1
7264,relationship,1,0.0,0.0,1.0,0.8,1,0,1.0,1.0,1.0,0.8,0,0,1.0,1.0,0.0,0.0,0.0,0.0,0.0,7.0,162.0,19.0,44,1
10745,relationship,1,0.0,0.0,1.0,0.58,1,0,1.0,1.0,1.0,0.8,0,0,1.0,1.0,0.0,0.0,0.0,0.0,0.0,7.0,69.0,19.0,44,1
16351,workclass,1,0.0,1.0,0.6666666666666667,0.58,1,0,0.1481239724012969,1.0,0.0,0.8,0,0,1.0,1.0,0.0,0.0,0.0,0.0,0.0,1.0,4.0,0.0,45,0
7879,workclass,1,0.0,1.0,0.6666666666666667,0.54,1,0,0.1481239724012969,1.0,0.0,0.8,0,0,1.0,1.0,0.0,0.0,0.0,0.0,0.0,1.0,4.0,0.0,45,0
45434,workclass,1,0.0,1.0,0.6666666666666667,0.54,1,0,0.1481239724012969,1.0,0.0,0.8,0,0,1.0,1.0,0.0,0.0,0.0,0.0,0.0,1.0,4.0,0.0,45,0
1270,workclass,1,0.0,1.0,0.6666666666666667,0.56,1,0,0.1481239724012969,1.0,0.0,0.8,0,0,1.0,1.0,0.0,0.0,0.0,0.0,0.0,1.0,4.0,0.0,45,0
19677,workclass,1,0.0,1.0,0.6666666666666667,0.56,1,0,0.1481239724012969,1.0,0.0,0.8,0,0,1.0,1.0,0.0,0.0,0.0,0.0,0.0,1.0,7.0,0.0,45,0
501,capital-loss,0,,,0.9061570929096903,0.9651033471997408,2,0,0.29394327325364233,1.0,0.5727682238058185,1.0,0,0,26.0,26.0,-1.0,0.0,26.0,0.0,3.295836866004329,11.0,1.0,0.0,46,0
29804,capital-loss,0,,,0.9061570929096903,0.7986731569215813,2,0,0.29394327325364233,1.0,0.5727682238058185,1.0,0,0,26.0,26.0,-1.0,0.0,26.0,0.0,3.295836866004329,11.0,1.0,0.0,46,0
9977,capital-loss,0,,,0.9061570929096903,0.978028033422059,2,0,0.29394327325364233,1.0,0.5727682238058185,1.0,0,0,26.0,26.0,-1.0,0.0,26.0,0.0,3.295836866004329,11.0,1.0,0.0,46,0
4101,capital-loss,0,,,0.9061570929096903,0.9689807530664363,2,0,0.29394327325364233,1.0,0.5727682238058185,1.0,0,0,26.0,26.0,-1.0,0.0,26.0,0.0,3.295836866004329,11.0,1.0,0.0,46,0
43160,capital-loss,0,,,0.9061570929096903,0.9767355647998271,2,0,0.29394327325364233,1.0,0.5727682238058185,1.0,0,0,26.0,26.0,-1.0,0.0,26.0,0.0,3.295836866004329,11.0,1.0,0.0,46,0
40041,native-country,1,0.0,1.0,0.9523809523809523,0.58,1,0,0.0639117874016856,1.0,1.0,1.0,0,0,1.0,1.0,0.0,0.0,0.0,0.0,0.0,13.0,99.0,2.0,47,0
23138,native-country,1,0.0,1.0,0.9523809523809523,0.56,1,0,0.0639117874016856,1.0,1.0,1.0,0,0,1.0,1.0,0.0,0.0,0.0,0.0,0.0,13.0,99.0,2.0,47,0
37088,native-country,1,0.0,1.0,0.9523809523809523,0.56,1,0,0.0639117874016856,1.0,1.0,1.0,0,0,1.0,1.0,0.0,0.0,0.0,0.0,0.0,13.0,99.0,2.0,47,0
8012,native-country,1,0.0,1.0,0.9523809523809523,0.54,1,0,0.0639117874016856,1.0,1.0,1.0,0,0,1.0,1.0,0.0,0.0,0.0,0.0,0.0,13.0,99.0,2.0,47,0
28790,native-country,1,0.0,1.0,0.9523809523809523,0.58,1,0,0.0639117874016856,1.0,1.0,1.0,0,0,1.0,1.0,0.0,0.0,0.0,0.0,0.0,13.0,99.0,2.0,47,0
48484,occupation,1,0.0,0.0,0.8,0.68,2,0,0.5829324218970628,1.0,0.0,0.8,0,0,1.0,1.0,0.0,0.0,0.0,0.0,0.0,6.0,10.0,1.0,48,0
6721,occupation,1,0.0,0.0,0.8,0.64,2,0,0.5829324218970628,1.0,0.0,0.8,0,0,1.0,1.0,0.0,0.0,0.0,0.0,0.0,6.0,10.0,1.0,48,0
4064,occupation,1,0.0,0.0,0.8,0.8,2,0,0.5829324218970628,1.0,0.0,0.8,0,0,1.0,1.0,0.0,0.0,0.0,0.0,0.0,6.0,10.0,1.0,48,0
43161,occupation,1,0.0,0.0,0.8,0.68,2,0,0.5829324218970628,1.0,0.0,0.8,0,0,1.0,1.0,0.0,0.0,0.0,0.0,0.0,6.0,10.0,1.0,48,0
38415,occupation,1,0.0,0.0,0.8,0.68,2,0,0.5829324218970628,1.0,0.0,0.8,0,0,1.0,1.0,0.0,0.0,0.0,0.0,0.0,6.0,10.0,1.0,48,0
17033,occupation,1,0.0,0.0,0.4666666666666667,0.68,2,0,0.5829324218970628,1.0,0.0,0.8,0,0,1.0,1.0,0.0,0.0,0.0,0.0,0.0,6.0,3.0,14.0,49,1
8432,occupation,1,0.0,1.0,0.5333333333333333,0.64,2,0,0.5829324218970628,1.0,0.0,0.8,0,0,1.0,1.0,0.0,0.0,0.0,0.0,0.0,6.0,14.0,0.0,49,0
29103,occupation,1,0.0,1.0,0.5333333333333333,0.84,2,0,0.5829324218970628,1.0,0.0,0.8,0,0,1.0,1.0,0.0,0.0,0.0,0.0,0.0,6.0,7.0,0.0,49,0
17783,occupation,1,0.0,1.0,0.5333333333333333,0.66,2,0,0.5829324218970628,1.0,0.0,0.8,0,0,1.0,1.0,0.0,0.0,0.0,0.0,0.0,6.0,8.0,0.0,49,0
5030,occupation,1,0.0,1.0,0.5333333333333333,0.6,2,0,0.5829324218970628,1.0,0.0,0.8,0,0,1.0,1.0,0.0,0.0,0.0,0.0,0.0,6.0,4.0,0.0,49,0
1575,native-country,1,0.0,1.0,0.9523809523809523,0.62,1,0,0.0639117874016856,1.0,1.0,1.0,0,0,1.0,1.0,0.0,0.0,0.0,0.0,0.0,13.0,99.0,2.0,50,0
30309,native-country,1,0.0,1.0,0.9523809523809523,0.62,1,0,0.0639117874016856,1.0,1.0,1.0,0,0,1.0,1.0,0.0,0.0,0.0,0.0,0.0,13.0,99.0,2.0,50,0
43974,native-country,1,0.0,1.0,0.9523809523809523,0.6,1,0,0.0639117874016856,1.0,1.0,1.0,0,0,1.0,1.0,0.0,0.0,0.0,0.0,0.0,13.0,99.0,2.0,50,0
45257,native-country,1,0.0,1.0,0.9523809523809523,0.62,1,0,0.0639117874016856,1.0,1.0,1.0,0,0,1.0,1.0,0.0,0.0,0.0,0.0,0.0,13.0,99.0,2.0,50,0
26444,native-country,1,0.0,1.0,0.9523809523809523,0.6,1,0,0.0639117874016856,1.0,1.0,1.0,0,0,1.0,1.0,0.0,0.0,0.0,0.0,0.0,13.0,99.0,2.0,50,0
3252,workclass,1,0.0,1.0,0.6666666666666667,0.6,1,0,0.1481239724012969,1.0,0.0,0.8,0,0,1.0,1.0,0.0,0.0,0.0,0.0,0.0,1.0,4.0,0.0,51,0
33926,workclass,1,0.0,1.0,0.6666666666666667,0.6,1,0,0.1481239724012969,1.0,0.0,0.8,0,0,1.0,1.0,0.0,0.0,0.0,0.0,0.0,1.0,4.0,0.0,51,0
16224,workclass,1,0.0,1.0,0.6666666666666667,0.6,1,0,0.1481239724012969,1.0,0.0,0.8,0,0,1.0,1.0,0.0,0.0,0.0,0.0,0.0,1.0,6.0,0.0,51,0
34707,workclass,1,0.0,1.0,0.6666666666666667,0.6,1,0,0.1481239724012969,1.0,0.0,0.8,0,0,1.0,1.0,0.0,0.0,0.0,0.0,0.0,1.0,4.0,0.0,51,0
2573,workclass,1,0.0,1.0,0.6666666666666667,0.6,1,0,0.1481239724012969,1.0,0.0,0.8,0,0,1.0,1.0,0.0,0.0,0.0,0.0,0.0,1.0,4.0,0.0,51,0
6813,workclass,1,0.0,1.0,0.6666666666666667,0.62,1,0,0.1481239724012969,1.0,0.0,0.8,0,0,1.0,1.0,0.0,0.0,0.0,0.0,0.0,1.0,7.0,0.0,52,0
45554,workclass,1,0.0,1.0,0.6666666666666667,0.62,1,0,0.1481239724012969,1.0,0.0,0.8,0,0,1.0,1.0,0.0,0.0,0.0,0.0,0.0,1.0,6.0,0.0,52,0
39857,workclass,1,0.0,1.0,0.6666666666666667,0.62,1,0,0.1481239724012969,1.0,0.0,0.8,0,0,1.0,1.0,0.0,0.0,0.0,0.0,0.0,1.0,4.0,0.0,52,0
20071,workclass,1,0.0,1.0,0.6666666666666667,0.62,1,0,0.1481239724012969,1.0,0.0,0.8,0,0,1.0,1.0,0.0,0.0,0.0,0.0,0.0,1.0,4.0,0.0,52,0
38301,workclass,1,0.0,1.0,0.6666666666666667,0.62,1,0,0.1481239724012969,1.0,0.0,0.8,0,0,1.0,1.0,0.0,0.0,0.0,0.0,0.0,1.0,2.0,0.0,52,0
3455,workclass,1,0.0,1.0,0.6666666666666667,0.64,1,0,0.1481239724012969,1.0,0.0,0.8,0,0,1.0,1.0,0.0,0.0,0.0,0.0,0.0,1.0,6.0,0.0,53,0
1355,workclass,1,0.0,1.0,0.6666666666666667,0.64,1,0,0.1481239724012969,1.0,0.0,0.8,0,0,1.0,1.0,0.0,0.0,0.0,0.0,0.0,1.0,4.0,0.0,53,0
36262,workclass,1,0.0,1.0,0.6666666666666667,0.64,1,0,0.1481239724012969,1.0,0.0,0.8,0,0,1.0,1.0,0.0,0.0,0.0,0.0,0.0,1.0,4.0,0.0,53,0
15127,workclass,1,0.0,1.0,0.6666666666666667,0.64,1,0,0.1481239724012969,1.0,0.0,0.8,0,0,1.0,1.0,0.0,0.0,0.0,0.0,0.0,1.0,1.0,0.0,53,0
29222,workclass,1,0.0,1.0,0.6666666666666667,0.64,1,0,0.1481239724012969,1.0,0.0,0.8,0,0,1.0,1.0,0.0,0.0,0.0,0.0,0.0,1.0,4.0,0.0,53,0
37049,workclass,1,0.0,1.0,0.6666666666666667,0.66,1,0,0.1481239724012969,1.0,0.0,0.8,0,0,1.0,1.0,0.0,0.0,0.0,0.0,0.0,1.0,4.0,0.0,54,0
14765,workclass,1,0.0,1.0,0.6666666666666667,0.66,1,0,0.1481239724012969,1.0,0.0,0.8,0,0,1.0,1.0,0.0,0.0,0.0,0.0,0.0,1.0,4.0,0.0,54,0
25438,workclass,1,0.0,1.0,0.6666666666666667,0.66,1,0,0.1481239724012969,1.0,0.0,0.8,0,0,1.0,1.0,0.0,0.0,0.0,0.0,0.0,1.0,4.0,0.0,54,0
29411,workclass,1,0.0,1.0,0.6666666666666667,0.66,1,0,0.1481239724012969,1.0,0.0,0.8,0,0,1.0,1.0,0.0,0.0,0.0,0.0,0.0,1.0,2.0,0.0,54,0
46627,workclass,1,0.0,1.0,0.6666666666666667,0.66,1,0,0.1481239724012969,1.0,0.0,0.8,0,0,1.0,1.0,0.0,0.0,0.0,0.0,0.0,1.0,4.0,0.0,54,0
35877,occupation,1,0.0,0.0,0.8,0.82,1,0,0.5829324218970628,1.0,0.0,0.8,0,0,1.0,1.0,0.0,0.0,0.0,0.0,0.0,6.0,10.0,1.0,55,0
1667,occupation,1,0.0,0.0,0.8,0.7,1,0,0.5829324218970628,1.0,0.0,0.8,0,0,1.0,1.0,0.0,0.0,0.0,0.0,0.0,6.0,10.0,1.0,55,0
46314,occupation,1,0.0,0.0,0.8,0.7,1,0,0.5829324218970628,1.0,0.0,0.8,0,0,1.0,1.0,0.0,0.0,0.0,0.0,0.0,6.0,10.0,1.0,55,0
6706,occupation,1,0.0,0.0,0.8,0.7,1,0,0.5829324218970628,1.0,0.0,0.8,0,0,1.0,1.0,0.0,0.0,0.0,0.0,0.0,6.0,10.0,1.0,55,0
8321,occupation,1,0.0,0.0,0.8,0.74,1,0,0.5829324218970628,1.0,0.0,0.8,0,0,1.0,1.0,0.0,0.0,0.0,0.0,0.0,6.0,10.0,1.0,55,0
10164,education-num,1,,,0.7522195864872782,0.8842099829373885,2,0,0.5796144060714694,0.0,0.6705992085492782,0.3,0,0,3.0,0.3,1.0,9.0,12.0,2.302585092994046,2.5649493574615367,4.0,18.0,3.0,56,1
10984,education-num,1,,,0.7522195864872782,1.0,2,0,0.5796144060714694,0.0,0.6705992085492782,0.3,0,0,3.0,0.3,1.0,9.0,12.0,2.302585092994046,2.5649493574615367,4.0,18.0,3.0,56,1
23418,education-num,1,,,0.7522195864872782,0.6063139419871219,2,0,0.5796144060714694,0.0,0.6705992085492782,0.3,0,0,3.0,0.3,1.0,9.0,12.0,2.302585092994046,2.5649493574615367,4.0,18.0,3.0,56,1
9368,education-num,1,,,0.7522195864872782,0.6063139419871219,2,0,0.5796144060714694,0.0,0.6705992085492782,0.3,0,0,3.0,0.3,1.0,9.0,12.0,2.302585092994046,2.5649493574615367,4.0,18.0,3.0,56,1
19951,education-num,1,,,0.7522195864872782,0.7452619624622552,2,0,0.5796144060714694,0.0,0.6705992085492782,0.3,0,0,3.0,0.3,1.0,9.0,12.0,2.302585092994046,2.5649493574615367,4.0,18.0,3.0,56,1
34616,education-num,1,,,0.6230116490733759,0.9768419965874775,2,0,0.5796144060714694,0.0,0.6705992085492782,0.3,0,0,3.0,0.2727272727272727,1.0,10.0,13.0,2.3978952727983707,2.6390573296152584,4.0,1.0,4.0,57,1
31118,education-num,1,,,0.6230116490733759,0.559997935162077,2,0,0.5796144060714694,0.0,0.6705992085492782,0.3,0,0,3.0,0.2727272727272727,1.0,10.0,13.0,2.3978952727983707,2.6390573296152584,4.0,1.0,4.0,57,1
36471,education-num,1,,,0.6230116490733759,1.0,2,0,0.5796144060714694,0.0,0.6705992085492782,0.3,0,0,3.0,0.2727272727272727,1.0,10.0,13.0,2.3978952727983707,2.6390573296152584,4.0,1.0,4.0,57,1
3738,education-num,1,,,0.6230116490733759,0.7684199658747776,2,0,0.5796144060714694,0.0,0.6705992085492782,0.3,0,0,3.0,0.2727272727272727,1.0,10.0,13.0,2.3978952727983707,2.6390573296152584,4.0,1.0,4.0,57,1
5100,education-num,1,,,0.6230116490733759,0.6294719453996436,2,0,0.5796144060714694,0.0,0.6705992085492782,0.3,0,0,3.0,0.2727272727272727,1.0,10.0,13.0,2.3978952727983707,2.6390573296152584,4.0,1.0,4.0,57,1
6294,capital-gain,0,,,0.9322208215940045,0.9710662803658638,2,0,0.701832971226286,1.0,0.6427272235411069,1.0,0,0,431.0,431.0,-1.0,0.0,431.0,0.0,6.068425588244111,10.0,1.0,0.0,58,0
6185,capital-gain,0,,,0.9322208215940045,0.8970941729892081,2,0,0.701832971226286,1.0,0.6427272235411069,1.0,0,0,431.0,431.0,-1.0,0.0,431.0,0.0,6.068425588244111,10.0,1.0,0.0,58,0
5710,capital-gain,0,,,0.9322208215940045,0.90324332555922,3,0,0.701832971226286,1.0,0.6427272235411069,1.0,0,0,431.0,431.0,-1.0,0.0,431.0,0.0,6.068425588244111,10.0,1.0,0.0,58,0
6326,capital-gain,0,,,0.9322208215940045,0.9262879047416055,2,0,0.701832971226286,1.0,0.6427272235411069,1.0,0,0,431.0,431.0,-1.0,0.0,431.0,0.0,6.068425588244111,10.0,1.0,0.0,58,0
5635,capital-gain,0,,,0.9322208215940045,0.910263652752272,2,0,0.701832971226286,1.0,0.6427272235411069,1.0,0,0,431.0,431.0,-1.0,0.0,431.0,0.0,6.068425588244111,10.0,1.0,0.0,58,0
6359,capital-gain,0,,,0.9322208215940045,0.8550928340094712,1,0,0.701832971226286,1.0,0.6427272235411069,1.0,0,0,431.0,431.0,-1.0,0.0,431.0,0.0,6.068425588244111,10.0,1.0,0.0,59,0
6068,capital-gain,0,,,0.9322208215940045,0.9792043916137086,1,0,0.701832971226286,1.0,0.6427272235411069,1.0,0,0,431.0,431.0,-1.0,0.0,431.0,0.0,6.068425588244111,10.0,1.0,0.0,59,0
5591,capital-gain,0,,,0.9322208215940045,0.9036990169005025,1,0,0.701832971226286,1.0,0.6427272235411069,1.0,0,0,431.0,431.0,-1.0,0.0,431.0,0.0,6.068425588244111,10.0,1.0,0.0,59,0
5596,capital-gain,0,,,0.9322208215940045,0.9780490800366926,1,0,0.701832971226286,1.0,0.6427272235411069,1.0,0,0,431.0,431.0,-1.0,0.0,431.0,0.0,6.068425588244111,10.0,1.0,0.0,59,0
5676,capital-gain,0,,,0.9322208215940045,0.9526483085661465,1,0,0.701832971226286,1.0,0.6427272235411069,1.0,0,0,431.0,431.0,-1.0,0.0,431.0,0.0,6.068425588244111,10.0,1.0,0.0,59,0
31328,relationship,1,0.0,0.0,0.33333333333333337,1.0,2,1,1.0,1.0,1.0,0.8,0,0,1.0,1.0,0.0,0.0,0.0,0.0,0.0,7.0,69.0,177.0,60,1
8765,relationship,1,0.0,0.0,0.33333333333333337,1.0,2,1,1.0,1.0,1.0,0.8,0,0,1.0,1.0,0.0,0.0,0.0,0.0,0.0,7.0,69.0,177.0,60,1
8453,relationship,1,0.0,0.0,0.33333333333333337,1.0,2,1,1.0,1.0,1.0,0.8,0,0,1.0,1.0,0.0,0.0,0.0,0.0,0.0,7.0,69.0,177.0,60,1
2753,relationship,1,0.0,0.0,0.33333333333333337,1.0,2,1,1.0,1.0,1.0,0.8,0,0,1.0,1.0,0.0,0.0,0.0,0.0,0.0,7.0,162.0,177.0,60,1
27717,relationship,1,0.0,0.0,0.33333333333333337,1.0,2,1,1.0,1.0,1.0,0.8,0,0,1.0,1.0,0.0,0.0,0.0,0.0,0.0,7.0,69.0,177.0,60,1
26057,relationship,1,0.0,0.0,0.33333333333333337,0.92,2,1,1.0,1.0,1.0,0.8,0,0,1.0,1.0,0.0,0.0,0.0,0.0,0.0,7.0,162.0,177.0,61,1
31797,relationship,1,0.0,0.0,0.33333333333333337,0.9,2,1,1.0,1.0,1.0,0.8,0,0,1.0,1.0,0.0,0.0,0.0,0.0,0.0,7.0,162.0,177.0,61,1
33231,relationship,1,0.0,0.0,0.33333333333333337,0.94,2,1,1.0,1.0,1.0,0.8,0,0,1.0,1.0,0.0,0.0,0.0,0.0,0.0,7.0,69.0,177.0,61,1
16347,relationship,1,0.0,0.0,0.33333333333333337,0.92,2,1,1.0,1.0,1.0,0.8,0,0,1.0,1.0,0.0,0.0,0.0,0.0,0.0,7.0,69.0,177.0,61,1
12847,relationship,1,0.0,0.0,0.33333333333333337,0.96,2,1,1.0,1.0,1.0,0.8,0,0,1.0,1.0,0.0,0.0,0.0,0.0,0.0,7.0,69.0,177.0,61,1
32632,relationship,1,0.0,0.0,0.33333333333333337,0.98,2,1,1.0,1.0,1.0,0.8,0,0,1.0,1.0,0.0,0.0,0.0,0.0,0.0,7.0,125.0,177.0,62,1
22703,relationship,1,0.0,0.0,0.33333333333333337,0.98,2,1,1.0,1.0,1.0,0.8,0,0,1.0,1.0,0.0,0.0,0.0,0.0,0.0,7.0,69.0,177.0,62,1
21745,relationship,1,0.0,0.0,0.33333333333333337,0.98,2,1,1.0,1.0,1.0,0.8,0,0,1.0,1.0,0.0,0.0,0.0,0.0,0.0,7.0,69.0,177.0,62,1
4107,relationship,1,0.0,0.0,0.33333333333333337,0.98,2,1,1.0,1.0,1.0,0.8,0,0,1.0,1.0,0.0,0.0,0.0,0.0,0.0,7.0,108.0,177.0,62,1
29433,relationship,1,0.0,0.0,0.33333333333333337,0.98,2,1,1.0,1.0,1.0,0.8,0,0,1.0,1.0,0.0,0.0,0.0,0.0,0.0,7.0,162.0,177.0,62,1
23261,native-country,1,0.0,1.0,0.9523809523809523,0.64,1,0,0.0639117874016856,1.0,1.0,1.0,0,0,1.0,1.0,0.0,0.0,0.0,0.0,0.0,13.0,99.0,2.0,63,0
28008,native-country,1,0.0,1.0,0.9523809523809523,0.64,1,0,0.0639117874016856,1.0,1.0,1.0,0,0,1.0,1.0,0.0,0.0,0.0,0.0,0.0,13.0,99.0,2.0,63,0
45023,native-country,1,0.0,1.0,0.9523809523809523,0.64,1,0,0.0639117874016856,1.0,1.0,1.0,0,0,1.0,1.0,0.0,0.0,0.0,0.0,0.0,13.0,99.0,2.0,63,0
15324,native-country,1,0.0,1.0,0.9523809523809523,0.64,1,0,0.0639117874016856,1.0,1.0,1.0,0,0,1.0,1.0,0.0,0.0,0.0,0.0,0.0,13.0,99.0,2.0,63,0
28560,native-country,1,0.0,1.0,0.9523809523809523,0.64,1,0,0.0639117874016856,1.0,1.0,1.0,0,0,1.0,1.0,0.0,0.0,0.0,0.0,0.0,13.0,99.0,2.0,63,0
22546,native-country,1,0.0,1.0,0.9523809523809523,0.66,1,0,0.0639117874016856,1.0,1.0,1.0,0,0,1.0,1.0,0.0,0.0,0.0,0.0,0.0,13.0,99.0,2.0,64,0
46790,native-country,1,0.0,1.0,0.9523809523809523,0.66,1,0,0.0639117874016856,1.0,1.0,1.0,0,0,1.0,1.0,0.0,0.0,0.0,0.0,0.0,13.0,99.0,2.0,64,0
2509,native-country,1,0.0,1.0,0.9523809523809523,0.66,1,0,0.0639117874016856,1.0,1.0,1.0,0,0,1.0,1.0,0.0,0.0,0.0,0.0,0.0,13.0,99.0,2.0,64,0
40423,native-country,1,0.0,1.0,0.9523809523809523,0.66,1,0,0.0639117874016856,1.0,1.0,1.0,0,0,1.0,1.0,0.0,0.0,0.0,0.0,0.0,13.0,99.0,2.0,64,0
47863,native-country,1,0.0,1.0,0.9523809523809523,0.66,1,0,0.0639117874016856,1.0,1.0,1.0,0,0,1.0,1.0,0.0,0.0,0.0,0.0,0.0,13.0,99.0,2.0,64,0
2571,workclass,1,0.0,1.0,0.6666666666666667,0.7,1,0,0.1481239724012969,1.0,0.0,0.8,0,0,1.0,1.0,0.0,0.0,0.0,0.0,0.0,1.0,5.0,0.0,65,0
35568,workclass,1,0.0,1.0,0.6666666666666667,0.7,1,0,0.1481239724012969,1.0,0.0,0.8,0,0,1.0,1.0,0.0,0.0,0.0,0.0,0.0,1.0,4.0,0.0,65,0
44265,workclass,1,0.0,1.0,0.6666666666666667,0.7,1,0,0.1481239724012969,1.0,0.0,0.8,0,0,1.0,1.0,0.0,0.0,0.0,0.0,0.0,1.0,4.0,0.0,65,0
43075,workclass,1,0.0,1.0,0.6666666666666667,0.7,1,0,0.1481239724012969,1.0,0.0,0.8,0,0,1.0,1.0,0.0,0.0,0.0,0.0,0.0,1.0,4.0,0.0,65,0
48512,workclass,1,0.0,1.0,0.6666666666666667,0.7,1,0,0.1481239724012969,1.0,0.0,0.8,0,0,1.0,1.0,0.0,0.0,0.0,0.0,0.0,1.0,4.0,0.0,65,0
19942,workclass,1,0.0,1.0,0.6666666666666667,0.68,1,0,0.1481239724012969,1.0,0.0,0.8,0,0,1.0,1.0,0.0,0.0,0.0,0.0,0.0,1.0,4.0,0.0,66,0
39616,workclass,1,0.0,1.0,0.6666666666666667,0.68,1,0,0.1481239724012969,1.0,0.0,0.8,0,0,1.0,1.0,0.0,0.0,0.0,0.0,0.0,1.0,4.0,0.0,66,0
35993,workclass,1,0.0,1.0,0.6666666666666667,0.68,1,0,0.1481239724012969,1.0,0.0,0.8,0,0,1.0,1.0,0.0,0.0,0.0,0.0,0.0,1.0,4.0,0.0,66,0
29574,workclass,1,0.0,1.0,0.6666666666666667,0.68,1,0,0.1481239724012969,1.0,0.0,0.8,0,0,1.0,1.0,0.0,0.0,0.0,0.0,0.0,1.0,4.0,0.0,66,0
47995,workclass,1,0.0,1.0,0.6666666666666667,0.68,1,0,0.1481239724012969,1.0,0.0,0.8,0,0,1.0,1.0,0.0,0.0,0.0,0.0,0.0,1.0,4.0,0.0,66,0
38610,native-country,1,0.0,1.0,0.9523809523809523,0.68,1,0,0.0639117874016856,1.0,1.0,1.0,0,0,1.0,1.0,0.0,0.0,0.0,0.0,0.0,13.0,53.0,2.0,67,0
4757,native-country,1,0.0,1.0,0.9523809523809523,0.7,1,0,0.0639117874016856,1.0,1.0,1.0,0,0,1.0,1.0,0.0,0.0,0.0,0.0,0.0,13.0,99.0,2.0,67,0
24465,native-country,1,0.0,1.0,0.9523809523809523,0.7,1,0,0.0639117874016856,1.0,1.0,1.0,0,0,1.0,1.0,0.0,0.0,0.0,0.0,0.0,13.0,99.0,2.0,67,0
14775,native-country,1,0.0,1.0,0.9523809523809523,0.68,1,0,0.0639117874016856,1.0,1.0,1.0,0,0,1.0,1.0,0.0,0.0,0.0,0.0,0.0,13.0,99.0,2.0,67,0
23927,native-country,1,0.0,1.0,0.9523809523809523,0.68,1,0,0.0639117874016856,1.0,1.0,1.0,0,0,1.0,1.0,0.0,0.0,0.0,0.0,0.0,13.0,99.0,2.0,67,0
13827,native-country,1,0.0,1.0,0.9523809523809523,0.78,1,0,0.0639117874016856,1.0,1.0,1.0,0,0,1.0,1.0,0.0,0.0,0.0,0.0,0.0,13.0,99.0,2.0,68,0
33217,native-country,1,0.0,1.0,0.9523809523809523,0.72,1,0,0.0639117874016856,1.0,1.0,1.0,0,0,1.0,1.0,0.0,0.0,0.0,0.0,0.0,13.0,99.0,2.0,68,0
32229,native-country,1,0.0,1.0,0.9523809523809523,0.72,1,0,0.0639117874016856,1.0,1.0,1.0,0,0,1.0,1.0,0.0,0.0,0.0,0.0,0.0,13.0,99.0,2.0,68,0
37759,native-country,1,0.0,1.0,0.9523809523809523,0.74,1,0,0.0639117874016856,1.0,1.0,1.0,0,0,1.0,1.0,0.0,0.0,0.0,0.0,0.0,13.0,99.0,2.0,68,0
20399,native-country,1,0.0,1.0,0.9523809523809523,0.72,1,0,0.0639117874016856,1.0,1.0,1.0,0,0,1.0,1.0,0.0,0.0,0.0,0.0,0.0,13.0,99.0,2.0,68,0
22185,education-num,1,,,0.730948663857113,0.8070166382289812,1,0,0.5796144060714694,0.0,0.6705992085492782,0.3,0,0,1.0,0.1,-1.0,9.0,8.0,2.302585092994046,2.1972245773362196,4.0,18.0,17.0,69,0
24040,education-num,1,,,0.730948663857113,0.8533326450540254,1,0,0.5796144060714694,0.0,0.6705992085492782,0.3,0,0,1.0,0.1,-1.0,9.0,8.0,2.302585092994046,2.1972245773362196,4.0,18.0,17.0,69,0
30033,education-num,1,,,0.730948663857113,0.8533326450540254,1,0,0.5796144060714694,0.0,0.6705992085492782,0.3,0,0,1.0,0.1,-1.0,9.0,8.0,2.302585092994046,2.1972245773362196,4.0,18.0,17.0,69,0
15934,education-num,1,,,0.730948663857113,0.8764906484665479,1,0,0.5796144060714694,0.0,0.6705992085492782,0.3,0,0,1.0,0.1,-1.0,9.0,8.0,2.302585092994046,2.1972245773362196,4.0,18.0,17.0,69,0
8615,education-num,1,,,0.730948663857113,0.8301746416415037,1,0,0.5796144060714694,0.0,0.6705992085492782,0.3,0,0,1.0,0.1,-1.0,9.0,8.0,2.302585092994046,2.1972245773362196,4.0,18.0,17.0,69,0
21686,education-num,1,,,0.8601566012710152,0.8147359726998218,1,0,0.5796144060714694,0.0,0.6705992085492782,0.3,0,0,1.0,0.09090909090909091,-1.0,10.0,9.0,2.3978952727983707,2.302585092994046,4.0,1.0,18.0,70,0
18838,education-num,1,,,0.8601566012710152,0.8533326450540254,1,0,0.5796144060714694,0.0,0.6705992085492782,0.3,0,0,1.0,0.09090909090909091,-1.0,10.0,9.0,2.3978952727983707,2.302585092994046,4.0,1.0,18.0,70,0
13932,education-num,1,,,0.8601566012710152,0.8301746416415037,1,0,0.5796144060714694,0.0,0.6705992085492782,0.3,0,0,1.0,0.09090909090909091,-1.0,10.0,9.0,2.3978952727983707,2.302585092994046,4.0,1.0,18.0,70,0
32107,education-num,1,,,0.8601566012710152,0.8456133105831849,1,0,0.5796144060714694,0.0,0.6705992085492782,0.3,0,0,1.0,0.09090909090909091,-1.0,10.0,9.0,2.3978952727983707,2.302585092994046,4.0,1.0,18.0,70,0
19395,education-num,1,,,0.8601566012710152,0.8764906484665479,1,0,0.5796144060714694,0.0,0.6705992085492782,0.3,0,0,1.0,0.09090909090909091,-1.0,10.0,9.0,2.3978952727983707,2.302585092994046,4.0,1.0,18.0,70,0
41477,hours-per-week,1,,,0.9883046268795295,0.9403596676330725,1,0,0.3765115207630643,1.0,0.63803846497504,0.3,0,0,0.0,0.0,0.0,40.0,40.0,3.713572066704308,3.713572066704308,12.0,37.0,37.0,71,0
46110,hours-per-week,1,,,0.9883046268795295,0.9935523965008729,1,0,0.3765115207630643,1.0,0.63803846497504,0.3,0,0,0.0,0.0,0.0,40.0,40.0,3.713572066704308,3.713572066704308,12.0,37.0,37.0,71,0
21093,hours-per-week,1,,,0.9883046268795295,0.7517672652836003,1,0,0.3765115207630643,1.0,0.63803846497504,0.3,0,0,0.0,0.0,0.0,40.0,40.0,3.713572066704308,3.713572066704308,12.0,37.0,37.0,71,0
26987,hours-per-week,1,,,0.9883046268795295,0.9677619825043637,1,0,0.3765115207630643,1.0,0.63803846497504,0.3,0,0,0.0,0.0,0.0,40.0,40.0,3.713572066704308,3.713572066704308,12.0,37.0,37.0,71,0
40900,hours-per-week,1,,,0.9883046268795295,0.7259768512870912,1,0,0.3765115207630643,1.0,0.63803846497504,0.3,0,0,0.0,0.0,0.0,40.0,40.0,3.713572066704308,3.713572066704308,12.0,37.0,37.0,71,0
46993,hours-per-week,1,,,0.9614288111917472,0.9339120641339455,1,0,0.3765115207630643,1.0,0.63803846497504,0.3,0,0,1.0,0.024390243902439025,-1.0,40.0,39.0,3.713572066704308,3.6888794541139363,12.0,37.0,35.0,72,0
32596,hours-per-week,1,,,0.9345529955039648,0.825914705523564,1,0,0.3765115207630643,1.0,0.63803846497504,0.3,0,0,2.0,0.04878048780487805,-1.0,40.0,38.0,3.713572066704308,3.6635616461296463,12.0,37.0,34.0,72,0
42618,hours-per-week,1,,,0.9614288111917472,0.9242406588852548,1,0,0.3765115207630643,1.0,0.63803846497504,0.3,0,0,1.0,0.024390243902439025,-1.0,40.0,39.0,3.713572066704308,3.6888794541139363,12.0,37.0,35.0,72,0
23936,hours-per-week,1,,,0.5582915758750118,0.7743338775305455,1,0,0.3765115207630643,1.0,0.63803846497504,0.3,0,0,1.0,0.038461538461538464,-1.0,25.0,24.0,3.258096538021482,3.2188758248682006,12.0,20.0,19.0,72,0
9239,hours-per-week,1,,,0.9614288111917472,0.9242406588852548,1,0,0.3765115207630643,1.0,0.63803846497504,0.3,0,0,1.0,0.024390243902439025,-1.0,40.0,39.0,3.713572066704308,3.6888794541139363,12.0,37.0,35.0,72,0
4227,hours-per-week,1,,,0.6891855848670823,0.7227530495375276,2,0,0.3765115207630643,1.0,0.63803846497504,0.3,0,0,12.0,0.2926829268292683,1.0,40.0,52.0,3.713572066704308,3.970291913552122,12.0,37.0,50.0,73,1
7802,hours-per-week,1,,,0.9614288111917472,0.9242406588852548,2,0,0.3765115207630643,1.0,0.63803846497504,0.3,0,0,12.0,0.42857142857142855,1.0,27.0,39.0,3.332204510175204,3.6888794541139363,12.0,22.0,35.0,73,1
2510,hours-per-week,1,,,0.6891855848670823,0.6808436267932001,2,0,0.3765115207630643,1.0,0.63803846497504,0.3,0,0,12.0,0.2926829268292683,1.0,40.0,52.0,3.713572066704308,3.970291913552122,12.0,37.0,50.0,73,1
28463,hours-per-week,1,,,0.6891855848670823,0.7936766880279271,2,0,0.3765115207630643,1.0,0.63803846497504,0.3,0,0,12.0,0.2926829268292683,1.0,40.0,52.0,3.713572066704308,3.970291913552122,12.0,37.0,50.0,73,1
22536,hours-per-week,1,,,0.6891855848670823,0.8678241282678909,2,0,0.3765115207630643,1.0,0.63803846497504,0.3,0,0,12.0,0.2926829268292683,1.0,40.0,52.0,3.713572066704308,3.970291913552122,12.0,37.0,50.0,73,1
44214,hours-per-week,1,,,0.7698130319304294,0.9951642973756544,1,0,0.3765115207630643,1.0,0.63803846497504,0.3,0,0,3.0,0.06382978723404255,1.0,46.0,49.0,3.8501476017100584,3.912023005428146,12.0,43.0,46.0,74,0
37019,hours-per-week,1,,,0.6623097691792998,0.505146431441982,1,0,0.3765115207630643,1.0,0.63803846497504,0.3,0,0,3.0,0.058823529411764705,1.0,50.0,53.0,3.9318256327243257,3.9889840465642745,12.0,48.0,51.0,74,0
19948,hours-per-week,1,,,0.7966888476182117,0.7259768512870912,1,0,0.3765115207630643,1.0,0.63803846497504,0.3,0,0,3.0,0.06521739130434782,1.0,45.0,48.0,3.828641396489095,3.8918202981106265,12.0,42.0,45.0,74,0
41980,hours-per-week,1,,,0.5548065064281704,0.5938009795549821,1,0,0.3765115207630643,1.0,0.63803846497504,0.3,0,0,2.0,0.03571428571428571,1.0,55.0,57.0,4.02535169073515,4.060443010546419,12.0,53.0,55.0,74,0
5448,hours-per-week,1,,,0.8773162946815587,0.8468694168957275,1,0,0.3765115207630643,1.0,0.63803846497504,0.3,0,0,10.0,0.2777777777777778,1.0,35.0,45.0,3.58351893845611,3.828641396489095,12.0,31.0,42.0,74,1
42265,education,0,1.0,0.0,0.0,0.56,1,0,0.5859149701202273,1.0,0.5,0.8,0,0,1.0,1.0,0.0,0.0,0.0,0.0,0.0,3.0,144.0,141.0,75,0
25579,education,0,1.0,0.0,0.0,0.58,1,0,0.5859149701202273,1.0,0.5,0.8,0,0,1.0,1.0,0.0,0.0,0.0,0.0,0.0,3.0,103.0,90.0,75,0
3696,education,0,1.0,0.0,0.0,0.58,1,0,0.5859149701202273,1.0,0.5,0.8,0,0,1.0,1.0,0.0,0.0,0.0,0.0,0.0,3.0,144.0,142.0,75,0
29098,education,0,1.0,0.0,0.0,0.56,1,0,0.5859149701202273,1.0,0.5,0.8,0,0,1.0,1.0,0.0,0.0,0.0,0.0,0.0,3.0,64.0,73.0,75,0
23431,education,0,1.0,0.0,0.0,0.58,1,0,0.5859149701202273,1.0,0.5,0.8,0,0,1.0,1.0,0.0,0.0,0.0,0.0,0.0,3.0,144.0,157.0,75,0
12281,education,0,1.0,0.0,0.0,0.64,1,0,0.5859149701202273,1.0,0.5,0.8,0,0,1.0,1.0,0.0,0.0,0.0,0.0,0.0,3.0,46.0,1.0,76,0
40960,education,0,1.0,0.0,0.0,0.66,1,0,0.5859149701202273,1.0,0.5,0.8,0,0,1.0,1.0,0.0,0.0,0.0,0.0,0.0,3.0,200.0,201.0,76,0
22677,education,0,1.0,0.0,0.0,0.66,1,0,0.5859149701202273,1.0,0.5,0.8,0,0,1.0,1.0,0.0,0.0,0.0,0.0,0.0,3.0,230.0,245.0,76,0
24531,education,0,1.0,0.0,0.0,0.64,1,0,0.5859149701202273,1.0,0.5,0.8,0,0,1.0,1.0,0.0,0.0,0.0,0.0,0.0,3.0,103.0,117.0,76,0
30641,education,0,1.0,0.0,0.0,0.66,1,0,0.5859149701202273,1.0,0.5,0.8,0,0,1.0,1.0,0.0,0.0,0.0,0.0,0.0,3.0,144.0,164.0,76,0
36488,education,0,1.0,0.0,0.0,0.72,1,0,0.5859149701202273,1.0,0.5,0.8,0,0,1.0,1.0,0.0,0.0,0.0,0.0,0.0,3.0,230.0,223.0,77,0
14027,education,0,1.0,0.0,0.0,0.7,1,0,0.5859149701202273,1.0,0.5,0.8,0,0,1.0,1.0,0.0,0.0,0.0,0.0,0.0,3.0,144.0,254.0,77,0
4454,education,0,1.0,0.0,0.0,0.7,1,0,0.5859149701202273,1.0,0.5,0.8,0,0,1.0,1.0,0.0,0.0,0.0,0.0,0.0,3.0,144.0,150.0,77,0
31768,education,0,1.0,0.0,0.0,0.7,1,0,0.5859149701202273,1.0,0.5,0.8,0,0,1.0,1.0,0.0,0.0,0.0,0.0,0.0,3.0,103.0,98.0,77,0
43811,education,0,1.0,0.0,0.0,0.68,1,0,0.5859149701202273,1.0,0.5,0.8,0,0,1.0,1.0,0.0,0.0,0.0,0.0,0.0,3.0,144.0,153.0,77,0
7283,education,0,1.0,0.0,0.0,0.62,1,0,0.5859149701202273,1.0,0.5,0.8,0,0,1.0,1.0,0.0,0.0,0.0,0.0,0.0,3.0,144.0,154.0,78,0
255,education,0,1.0,0.0,0.0,0.62,1,0,0.5859149701202273,1.0,0.5,0.8,0,0,1.0,1.0,0.0,0.0,0.0,0.0,0.0,3.0,230.0,227.0,78,0
29116,education,0,1.0,0.0,0.0,0.62,1,0,0.5859149701202273,1.0,0.5,0.8,0,0,1.0,1.0,0.0,0.0,0.0,0.0,0.0,3.0,15.0,24.0,78,0
7548,education,0,1.0,0.0,0.0,0.62,1,0,0.5859149701202273,1.0,0.5,0.8,0,0,1.0,1.0,0.0,0.0,0.0,0.0,0.0,3.0,144.0,141.0,78,0
6096,education,0,1.0,0.0,0.0,0.62,1,0,0.5859149701202273,1.0,0.5,0.8,0,0,1.0,1.0,0.0,0.0,0.0,0.0,0.0,3.0,184.0,0.0,78,0
38988,education,0,1.0,0.0,0.0,0.6,1,0,0.5859149701202273,1.0,0.5,0.8,0,0,1.0,1.0,0.0,0.0,0.0,0.0,0.0,3.0,6.0,5.0,79,0
45876,education,0,1.0,0.0,0.0,0.6,1,0,0.5859149701202273,1.0,0.5,0.8,0,0,1.0,1.0,0.0,0.0,0.0,0.0,0.0,3.0,230.0,233.0,79,0
31226,education,0,1.0,0.0,0.0,0.6,1,0,0.5859149701202273,1.0,0.5,0.8,0,0,1.0,1.0,0.0,0.0,0.0,0.0,0.0,3.0,15.0,13.0,79,0
35421,education,0,1.0,0.0,0.0,0.6,1,0,0.5859149701202273,1.0,0.5,0.8,0,0,1.0,1.0,0.0,0.0,0.0,0.0,0.0,3.0,15.0,14.0,79,0
37499,education,0,1.0,0.0,0.0,0.6,1,0,0.5859149701202273,1.0,0.5,0.8,0,0,1.0,1.0,0.0,0.0,0.0,0.0,0.0,3.0,144.0,137.0,79,0
46984,capital-loss,0,,,0.9061570929096903,0.9689807530664363,1,0,0.29394327325364233,1.0,0.5727682238058185,1.0,0,0,26.0,26.0,-1.0,0.0,26.0,0.0,3.295836866004329,11.0,1.0,0.0,80,0
7896,capital-loss,0,,,0.9061570929096903,0.9482515447791028,1,0,0.29394327325364233,1.0,0.5727682238058185,1.0,0,0,26.0,26.0,-1.0,0.0,26.0,0.0,3.295836866004329,11.0,1.0,0.0,80,0
43060,capital-loss,0,,,0.9061570929096903,0.978028033422059,1,0,0.29394327325364233,1.0,0.5727682238058185,1.0,0,0,26.0,26.0,-1.0,0.0,26.0,0.0,3.295836866004329,11.0,1.0,0.0,80,0
44784,capital-loss,0,,,0.9061570929096903,0.978028033422059,1,0,0.29394327325364233,1.0,0.5727682238058185,1.0,0,0,26.0,26.0,-1.0,0.0,26.0,0.0,3.295836866004329,11.0,1.0,0.0,80,0
8484,capital-loss,0,,,0.9061570929096903,0.9767355647998271,1,0,0.29394327325364233,1.0,0.5727682238058185,1.0,0,0,26.0,26.0,-1.0,0.0,26.0,0.0,3.295836866004329,11.0,1.0,0.0,80,0
38783,capital-loss,0,,,0.9061570929096903,0.8976961375171887,1,0,0.29394327325364233,1.0,0.5727682238058185,1.0,0,0,26.0,26.0,-1.0,0.0,26.0,0.0,3.295836866004329,11.0,1.0,0.0,81,0
29714,capital-loss,0,,,0.9061570929096903,0.8164197453114567,1,0,0.29394327325364233,1.0,0.5727682238058185,1.0,0,0,26.0,26.0,-1.0,0.0,26.0,0.0,3.295836866004329,11.0,1.0,0.0,81,0
45145,capital-loss,0,,,0.9061570929096903,0.8643405049972828,1,0,0.29394327325364233,1.0,0.5727682238058185,1.0,0,0,26.0,26.0,-1.0,0.0,26.0,0.0,3.295836866004329,11.0,1.0,0.0,81,0
20295,capital-loss,0,,,0.9061570929096903,0.8983920821599289,1,0,0.29394327325364233,1.0,0.5727682238058185,1.0,0,0,26.0,26.0,-1.0,0.0,26.0,0.0,3.295836866004329,11.0,1.0,0.0,81,0
34943,capital-loss,0,,,0.9061570929096903,0.8043898450583759,1,0,0.29394327325364233,1.0,0.5727682238058185,1.0,0,0,26.0,26.0,-1.0,0.0,26.0,0.0,3.295836866004329,11.0,1.0,0.0,81,0
33708,occupation,1,0.0,1.0,0.5333333333333333,0.56,1,0,0.5829324218970628,1.0,0.0,0.8,0,0,1.0,1.0,0.0,0.0,0.0,0.0,0.0,6.0,1.0,0.0,82,0
41507,occupation,1,0.0,1.0,0.5333333333333333,0.54,1,0,0.5829324218970628,1.0,0.0,0.8,0,0,1.0,1.0,0.0,0.0,0.0,0.0,0.0,6.0,4.0,0.0,82,0
30229,occupation,1,0.0,1.0,0.5333333333333333,0.58,1,0,0.5829324218970628,1.0,0.0,0.8,0,0,1.0,1.0,0.0,0.0,0.0,0.0,0.0,6.0,1.0,0.0,82,0
37160,occupation,1,0.0,1.0,0.5333333333333333,0.58,1,0,0.5829324218970628,1.0,0.0,0.8,0,0,1.0,1.0,0.0,0.0,0.0,0.0,0.0,6.0,1.0,0.0,82,0
45358,occupation,1,0.0,1.0,0.5333333333333333,0.52,1,0,0.5829324218970628,1.0,0.0,0.8,0,0,1.0,1.0,0.0,0.0,0.0,0.0,0.0,6.0,10.0,0.0,82,0
7794,occupation,1,0.0,1.0,0.5333333333333333,0.6,1,0,0.5829324218970628,1.0,0.0,0.8,0,0,1.0,1.0,0.0,0.0,0.0,0.0,0.0,6.0,13.0,0.0,83,0
7700,occupation,1,0.0,1.0,0.5333333333333333,0.6,1,0,0.5829324218970628,1.0,0.0,0.8,0,0,1.0,1.0,0.0,0.0,0.0,0.0,0.0,6.0,3.0,0.0,83,0
47289,occupation,1,0.0,1.0,0.5333333333333333,0.6,1,0,0.5829324218970628,1.0,0.0,0.8,0,0,1.0,1.0,0.0,0.0,0.0,0.0,0.0,6.0,4.0,0.0,83,0
48249,occupation,1,0.0,1.0,0.5333333333333333,0.6,1,0,0.5829324218970628,1.0,0.0,0.8,0,0,1.0,1.0,0.0,0.0,0.0,0.0,0.0,6.0,11.0,0.0,83,0
15150,occupation,1,0.0,1.0,0.5333333333333333,0.6,1,0,0.5829324218970628,1.0,0.0,0.8,0,0,1.0,1.0,0.0,0.0,0.0,0.0,0.0,6.0,10.0,0.0,83,0
20104,occupation,1,0.0,1.0,0.5333333333333333,0.62,1,0,0.5829324218970628,1.0,0.0,0.8,0,0,1.0,1.0,0.0,0.0,0.0,0.0,0.0,6.0,3.0,0.0,84,0
35995,occupation,1,0.0,1.0,0.5333333333333333,0.62,1,0,0.5829324218970628,1.0,0.0,0.8,0,0,1.0,1.0,0.0,0.0,0.0,0.0,0.0,6.0,10.0,0.0,84,0
12740,occupation,1,0.0,1.0,0.5333333333333333,0.62,1,0,0.5829324218970628,1.0,0.0,0.8,0,0,1.0,1.0,0.0,0.0,0.0,0.0,0.0,6.0,8.0,0.0,84,0
36908,occupation,1,0.0,1.0,0.5333333333333333,0.62,1,0,0.5829324218970628,1.0,0.0,0.8,0,0,1.0,1.0,0.0,0.0,0.0,0.0,0.0,6.0,14.0,0.0,84,0
9208,occupation,1,0.0,1.0,0.5333333333333333,0.62,1,0,0.5829324218970628,1.0,0.0,0.8,0,0,1.0,1.0,0.0,0.0,0.0,0.0,0.0,6.0,13.0,0.0,84,0
22346,occupation,1,0.0,1.0,0.5333333333333333,0.64,1,0,0.5829324218970628,1.0,0.0,0.8,0,0,1.0,1.0,0.0,0.0,0.0,0.0,0.0,6.0,4.0,0.0,85,0
32099,occupation,1,0.0,1.0,0.5333333333333333,0.64,1,0,0.5829324218970628,1.0,0.0,0.8,0,0,1.0,1.0,0.0,0.0,0.0,0.0,0.0,6.0,3.0,0.0,85,0
38333,occupation,1,0.0,1.0,0.5333333333333333,0.64,1,0,0.5829324218970628,1.0,0.0,0.8,0,0,1.0,1.0,0.0,0.0,0.0,0.0,0.0,6.0,4.0,0.0,85,0
14375,occupation,1,0.0,1.0,0.5333333333333333,0.64,1,0,0.5829324218970628,1.0,0.0,0.8,0,0,1.0,1.0,0.0,0.0,0.0,0.0,0.0,6.0,10.0,0.0,85,0
5349,occupation,1,0.0,1.0,0.5333333333333333,0.64,1,0,0.5829324218970628,1.0,0.0,0.8,0,0,1.0,1.0,0.0,0.0,0.0,0.0,0.0,6.0,1.0,0.0,85,0
19153,occupation,1,0.0,1.0,0.5333333333333333,0.66,1,0,0.5829324218970628,1.0,0.0,0.8,0,0,1.0,1.0,0.0,0.0,0.0,0.0,0.0,6.0,3.0,0.0,86,0
41635,occupation,1,0.0,1.0,0.5333333333333333,0.66,1,0,0.5829324218970628,1.0,0.0,0.8,0,0,1.0,1.0,0.0,0.0,0.0,0.0,0.0,6.0,10.0,0.0,86,0
44477,occupation,1,0.0,1.0,0.5333333333333333,0.66,1,0,0.5829324218970628,1.0,0.0,0.8,0,0,1.0,1.0,0.0,0.0,0.0,0.0,0.0,6.0,12.0,0.0,86,0
5872,occupation,1,0.0,1.0,0.5333333333333333,0.66,1,0,0.5829324218970628,1.0,0.0,0.8,0,0,1.0,1.0,0.0,0.0,0.0,0.0,0.0,6.0,12.0,0.0,86,0
12954,occupation,1,0.0,1.0,0.5333333333333333,0.66,1,0,0.5829324218970628,1.0,0.0,0.8,0,0,1.0,1.0,0.0,0.0,0.0,0.0,0.0,6.0,7.0,0.0,86,0
23719,occupation,1,0.0,1.0,0.5333333333333333,0.76,1,0,0.5829324218970628,1.0,0.0,0.8,0,0,1.0,1.0,0.0,0.0,0.0,0.0,0.0,6.0,7.0,0.0,87,0
35462,occupation,1,0.0,1.0,0.5333333333333333,0.72,1,0,0.5829324218970628,1.0,0.0,0.8,0,0,1.0,1.0,0.0,0.0,0.0,0.0,0.0,6.0,4.0,0.0,87,0
2465,occupation,1,0.0,1.0,0.5333333333333333,0.76,1,0,0.5829324218970628,1.0,0.0,0.8,0,0,1.0,1.0,0.0,0.0,0.0,0.0,0.0,6.0,1.0,0.0,87,0
6580,occupation,1,0.0,1.0,0.5333333333333333,0.78,1,0,0.5829324218970628,1.0,0.0,0.8,0,0,1.0,1.0,0.0,0.0,0.0,0.0,0.0,6.0,3.0,0.0,87,0
30703,occupation,1,0.0,1.0,0.5333333333333333,0.74,1,0,0.5829324218970628,1.0,0.0,0.8,0,0,1.0,1.0,0.0,0.0,0.0,0.0,0.0,6.0,3.0,0.0,87,0
47077,occupation,1,0.0,1.0,0.5333333333333333,0.7,1,0,0.5829324218970628,1.0,0.0,0.8,0,0,1.0,1.0,0.0,0.0,0.0,0.0,0.0,6.0,10.0,0.0,88,0
33565,occupation,1,0.0,1.0,0.5333333333333333,0.7,1,0,0.5829324218970628,1.0,0.0,0.8,0,0,1.0,1.0,0.0,0.0,0.0,0.0,0.0,6.0,12.0,0.0,88,0
12351,occupation,1,0.0,1.0,0.5333333333333333,0.7,1,0,0.5829324218970628,1.0,0.0,0.8,0,0,1.0,1.0,0.0,0.0,0.0,0.0,0.0,6.0,1.0,0.0,88,0
38727,occupation,1,0.0,1.0,0.5333333333333333,0.7,1,0,0.5829324218970628,1.0,0.0,0.8,0,0,1.0,1.0,0.0,0.0,0.0,0.0,0.0,6.0,7.0,0.0,88,0
21090,occupation,1,0.0,1.0,0.5333333333333333,0.7,1,0,0.5829324218970628,1.0,0.0,0.8,0,0,1.0,1.0,0.0,0.0,0.0,0.0,0.0,6.0,13.0,0.0,88,0
36685,occupation,1,0.0,1.0,0.5333333333333333,0.68,1,0,0.5829324218970628,1.0,0.0,0.8,0,0,1.0,1.0,0.0,0.0,0.0,0.0,0.0,6.0,5.0,0.0,89,0
39880,occupation,1,0.0,1.0,0.5333333333333333,0.68,1,0,0.5829324218970628,1.0,0.0,0.8,0,0,1.0,1.0,0.0,0.0,0.0,0.0,0.0,6.0,12.0,0.0,89,0
27650,occupation,1,0.0,1.0,0.5333333333333333,0.68,1,0,0.5829324218970628,1.0,0.0,0.8,0,0,1.0,1.0,0.0,0.0,0.0,0.0,0.0,6.0,6.0,0.0,89,0
16935,occupation,1,0.0,1.0,0.5333333333333333,0.68,1,0,0.5829324218970628,1.0,0.0,0.8,0,0,1.0,1.0,0.0,0.0,0.0,0.0,0.0,6.0,7.0,0.0,89,0
44799,occupation,1,0.0,1.0,0.5333333333333333,0.68,1,0,0.5829324218970628,1.0,0.0,0.8,0,0,1.0,1.0,0.0,0.0,0.0,0.0,0.0,6.0,7.0,0.0,89,0
