row_idx,column_name,h1_plausible,h2_min_edit_distance,h2_is_obfuscation,h3_distribution_score,h4_coherence_score,h5_error_count,h5_codependent_flag,h6_column_importance,h7_mutability,h7_gain_direction,h7_comprehensibility,h8_is_sensitive,h8_is_majority_value,intent_label,predicted_intent
7,followers_count,1,,,0.9511932271404225,0.9998467229865965,3,1,1.0,1.0,0.5,1.0,0,0,-1,-1.0
25,followers_count,1,,,0.9520060454391867,0.9987955453271479,3,1,1.0,1.0,0.5,1.0,0,0,-1,-1.0
76,followers_count,1,,,0.951203770103987,0.8533057428433535,3,1,1.0,1.0,0.5,1.0,0,0,-1,-1.0
114,followers_count,1,,,0.9521335079747365,0.9998540714953326,2,1,1.0,1.0,0.5,1.0,0,0,-1,-1.0
145,followers_count,1,,,0.956851515735633,0.9913822598654176,3,1,1.0,1.0,0.5,1.0,0,0,-1,-1.0
156,followers_count,1,,,0.9544970888902652,0.9915115027097849,2,1,1.0,1.0,0.5,1.0,0,0,-1,-1.0
190,followers_count,1,,,0.95119025995906,0.9998962193596138,2,0,1.0,1.0,0.5,1.0,0,0,-1,-1.0
239,followers_count,1,,,0.951248782876571,0.9997698969792853,2,1,1.0,1.0,0.5,1.0,0,0,-1,-1.0
243,followers_count,1,,,0.9518493530106404,0.9981724751199382,3,1,1.0,1.0,0.5,1.0,0,0,-1,-1.0
266,followers_count,1,,,0.9511703735307796,0.9999939469500205,2,1,1.0,1.0,0.5,1.0,0,0,-1,-1.0
290,followers_count,1,,,0.9554299202054138,0.9988322348403524,2,0,1.0,1.0,0.5,1.0,0,0,-1,-1.0
334,followers_count,1,,,0.9573471612862036,0.9995969721747407,3,1,1.0,1.0,0.5,1.0,0,0,-1,-1.0
365,followers_count,1,,,0.9511796538639771,0.9996230101381693,3,1,1.0,1.0,0.5,1.0,0,0,-1,-1.0
398,followers_count,1,,,0.9550911564779444,0.9925749645000743,3,1,1.0,1.0,0.5,1.0,0,0,-1,-1.0
425,followers_count,1,,,0.9512571793685116,0.9997326657976532,3,1,1.0,1.0,0.5,1.0,0,0,-1,-1.0
426,followers_count,1,,,0.9513254245398487,0.9760804790638765,3,1,1.0,1.0,0.5,1.0,0,0,-1,-1.0
428,followers_count,1,,,0.9827041250262826,0.9083796794459273,3,1,1.0,1.0,0.5,1.0,0,0,-1,-1.0
466,followers_count,1,,,0.9514278869941317,0.9964403331256918,3,0,1.0,1.0,0.5,1.0,0,0,-1,-1.0
493,followers_count,1,,,0.9526092670970268,0.9613770865711306,3,0,1.0,1.0,0.5,1.0,0,0,-1,-1.0
497,followers_count,1,,,0.9534289035997727,0.9935979754012958,3,1,1.0,1.0,0.5,1.0,0,0,-1,-1.0
500,followers_count,1,,,0.9515729000917831,0.9999280641601002,3,1,1.0,1.0,0.5,1.0,0,0,-1,-1.0
502,followers_count,1,,,0.9511667750342336,0.9998811624924872,2,1,1.0,1.0,0.5,1.0,0,0,-1,-1.0
538,followers_count,1,,,0.951183252360523,0.9995329871182621,3,1,1.0,1.0,0.5,1.0,0,0,-1,-1.0
620,followers_count,1,,,0.9514244778921408,0.9977242236628238,2,0,1.0,1.0,0.5,1.0,0,0,-1,-1.0
695,followers_count,1,,,0.9514169021099387,0.9993317629793017,2,1,1.0,1.0,0.5,1.0,0,0,-1,-1.0
699,followers_count,1,,,0.9518758682483477,0.9999808408468109,2,0,1.0,1.0,0.5,1.0,0,0,-1,-1.0
717,followers_count,1,,,0.9511789594172753,0.9995364568265106,2,1,1.0,1.0,0.5,1.0,0,0,-1,-1.0
727,followers_count,1,,,0.9511973306891153,0.9999817196375465,2,0,1.0,1.0,0.5,1.0,0,0,-1,-1.0
729,followers_count,1,,,0.9511857144897388,0.9999477346785879,3,1,1.0,1.0,0.5,1.0,0,0,1,-1.0
740,followers_count,1,,,0.9512035175779137,0.9998973708785085,3,1,1.0,1.0,0.5,1.0,0,0,-1,-1.0
754,followers_count,1,,,0.951167027560307,0.9999646362486807,2,1,1.0,1.0,0.5,1.0,0,0,-1,-1.0
762,followers_count,1,,,0.9517559183634815,0.9983508090329751,3,1,1.0,1.0,0.5,1.0,0,0,-1,-1.0
767,followers_count,0,,,0.9511665225081601,0.9998150031865165,3,1,1.0,1.0,0.5,1.0,0,0,-1,-1.0
832,followers_count,1,,,0.952013494958352,0.999872234433162,3,1,1.0,1.0,0.5,1.0,0,0,-1,-1.0
865,followers_count,1,,,0.9511790225487936,0.9905396700052297,3,1,1.0,1.0,0.5,1.0,0,0,-1,-1.0
971,followers_count,1,,,0.9514814856532114,0.999996212108899,3,1,1.0,1.0,0.5,1.0,0,0,-1,-1.0
983,followers_count,1,,,0.9514288970984254,0.9999819014563193,2,1,1.0,1.0,0.5,1.0,0,0,-1,-1.0
1033,followers_count,1,,,0.9512315479720613,0.9983235589443943,3,1,1.0,1.0,0.5,1.0,0,0,-1,-1.0
1039,followers_count,1,,,0.9511723937393668,0.99053034800523,4,1,1.0,1.0,0.5,1.0,0,0,-1,-1.0
1055,followers_count,1,,,0.9553095915314376,0.9888172553153306,2,1,1.0,1.0,0.5,1.0,0,0,-1,-1.0
1091,followers_count,1,,,0.9511785174966468,0.9999834847947995,3,1,1.0,1.0,0.5,1.0,0,0,-1,-1.0
1114,followers_count,1,,,0.9511681639276373,0.9999903446655835,2,0,1.0,1.0,0.5,1.0,0,0,-1,-1.0
1125,followers_count,1,,,0.96165102628672,0.9609098577795999,3,1,1.0,1.0,0.5,1.0,0,0,-1,-1.0
1127,followers_count,1,,,0.9511690477688942,0.9999922840658272,2,1,1.0,1.0,0.5,1.0,0,0,-1,-1.0
1154,followers_count,1,,,0.9512209418769784,0.9999976287801707,3,0,1.0,1.0,0.5,1.0,0,0,-1,-1.0
1177,followers_count,1,,,0.951192595825239,0.9995383280447145,3,1,1.0,1.0,0.5,1.0,0,0,-1,-1.0
1183,followers_count,1,,,0.9511883660135095,0.9999341702405551,4,1,1.0,1.0,0.5,1.0,0,0,1,-1.0
1191,followers_count,1,,,0.9514903871972988,0.9999688332320207,2,0,1.0,1.0,0.5,1.0,0,0,-1,-1.0
1205,followers_count,1,,,0.9511721412132934,0.9996704875652297,2,1,1.0,1.0,0.5,1.0,0,0,-1,-1.0
1306,followers_count,1,,,0.9524011224810248,0.9965699661228425,2,1,1.0,1.0,0.5,1.0,0,0,-1,-1.0
1393,followers_count,1,,,0.951187924092881,0.8837884176898371,3,1,1.0,1.0,0.5,1.0,0,0,-1,-1.0
1407,followers_count,1,,,0.9514872306213813,0.9999541513661131,1,0,1.0,1.0,0.5,1.0,0,0,-1,-1.0
1493,followers_count,1,,,0.9513619776889737,0.9986857192125643,3,1,1.0,1.0,0.5,1.0,0,0,1,-1.0
1497,followers_count,1,,,0.9512988461706231,0.9999737877935808,4,1,1.0,1.0,0.5,1.0,0,0,1,-1.0
1539,followers_count,1,,,0.9511872296461792,0.9999655150394161,3,0,1.0,1.0,0.5,1.0,0,0,-1,-1.0
1547,followers_count,1,,,0.9511757397098394,0.9999848635871602,4,1,1.0,1.0,0.5,1.0,0,0,1,-1.0
1552,followers_count,1,,,0.9511722674763301,0.999984177978871,3,1,1.0,1.0,0.5,1.0,0,0,1,-1.0
1557,followers_count,1,,,0.9512749824566865,0.955046918266613,3,1,1.0,1.0,0.5,1.0,0,0,-1,-1.0
1572,followers_count,1,,,0.9511676588754905,0.9991950769289207,3,1,1.0,1.0,0.5,1.0,0,0,-1,-1.0
1575,followers_count,1,,,0.9511883660135095,0.9998384237171942,4,1,1.0,1.0,0.5,1.0,0,0,1,-1.0
1586,followers_count,1,,,0.9515494151669567,0.9966299284389719,3,0,1.0,1.0,0.5,1.0,0,0,-1,-1.0
1613,followers_count,1,,,0.9512990986966965,0.9991012546542392,3,1,1.0,1.0,0.5,1.0,0,0,-1,-1.0
1621,followers_count,1,,,0.9511698684786327,0.9999965795343357,2,0,1.0,1.0,0.5,1.0,0,0,-1,-1.0
1631,followers_count,1,,,0.9513104623699996,0.9913528734062558,3,1,1.0,1.0,0.5,1.0,0,0,-1,-1.0
1685,followers_count,1,,,0.9511757397098394,0.9999700150540441,4,1,1.0,1.0,0.5,1.0,0,0,1,-1.0
1693,followers_count,1,,,0.9523171575616185,0.9965877237563242,3,1,1.0,1.0,0.5,1.0,0,0,-1,-1.0
1705,followers_count,1,,,0.9511687952428208,0.9999930151288097,2,0,1.0,1.0,0.5,1.0,0,0,-1,-1.0
1743,followers_count,1,,,0.9517018777837734,0.999511199168649,3,1,1.0,1.0,0.5,1.0,0,0,-1,-1.0
1756,followers_count,1,,,0.9511678482700455,0.999998499995124,2,1,1.0,1.0,0.5,1.0,0,0,1,-1.0
1776,followers_count,1,,,0.9512199317726848,0.9999287270410429,2,0,1.0,1.0,0.5,1.0,0,0,1,-1.0
1806,followers_count,1,,,0.9511698053471144,0.9996547678171605,3,1,1.0,1.0,0.5,1.0,0,0,-1,-1.0
1810,followers_count,1,,,0.9529680435158133,0.9952213746178137,3,1,1.0,1.0,0.5,1.0,0,0,-1,-1.0
1825,followers_count,1,,,0.9511980882673354,0.9997225559163045,3,1,1.0,1.0,0.5,1.0,0,0,-1,-1.0
1833,followers_count,1,,,0.9513370407392252,0.9945954407649318,3,1,1.0,1.0,0.5,1.0,0,0,-1,-1.0
1843,followers_count,1,,,0.9569834606089858,0.5730409605848321,3,1,1.0,1.0,0.5,1.0,0,0,-1,-1.0
1847,followers_count,1,,,0.9582720380300401,0.9793222130865104,3,1,1.0,1.0,0.5,1.0,0,0,-1,-1.0
1848,followers_count,1,,,0.9511911438003169,0.9914579154143786,3,1,1.0,1.0,0.5,1.0,0,0,-1,-1.0
1867,followers_count,1,,,0.9511921539046105,0.9999274770369796,3,1,1.0,1.0,0.5,1.0,0,0,1,-1.0
1945,followers_count,1,,,0.9513343260839361,0.9997260559276819,3,1,1.0,1.0,0.5,1.0,0,0,-1,-1.0
1953,followers_count,1,,,0.9517025090989569,0.9998068402811937,2,1,1.0,1.0,0.5,1.0,0,0,-1,-1.0
1961,followers_count,1,,,0.9515002357141615,0.9995572485607642,3,1,1.0,1.0,0.5,1.0,0,0,-1,-1.0
1973,followers_count,1,,,0.9511684164537106,0.9999374694937041,3,1,1.0,1.0,0.5,1.0,0,0,-1,-1.0
1974,followers_count,1,,,0.9517518148147888,0.9987129768769274,2,0,1.0,1.0,0.5,1.0,0,0,-1,-1.0
1998,followers_count,1,,,0.9511687952428208,0.9999671400446986,2,1,1.0,1.0,0.5,1.0,0,0,-1,-1.0
2015,followers_count,1,,,0.9513308538504268,0.9768718983031806,3,1,1.0,1.0,0.5,1.0,0,0,-1,-1.0
2083,followers_count,1,,,0.9512016236323632,0.9999111209232052,3,1,1.0,1.0,0.5,1.0,0,0,-1,-1.0
2115,followers_count,1,,,0.9637437729885244,0.962428624080234,2,1,1.0,1.0,0.5,1.0,0,0,-1,-1.0
2138,followers_count,1,,,0.9527559847456736,0.9971303846112409,3,1,1.0,1.0,0.5,1.0,0,0,-1,-1.0
2140,followers_count,1,,,0.9511899443014683,0.9999980113571719,3,1,1.0,1.0,0.5,1.0,0,0,-1,-1.0
2170,followers_count,1,,,0.9511946791653445,0.9999689355050804,4,1,1.0,1.0,0.5,1.0,0,0,1,-1.0
2198,followers_count,1,,,0.9534650779597876,0.9884769360272491,3,0,1.0,1.0,0.5,1.0,0,0,-1,-1.0
2204,followers_count,1,,,0.9517607794903945,0.9910449140718504,3,1,1.0,1.0,0.5,1.0,0,0,-1,-1.0
2250,followers_count,1,,,0.9534934871430455,0.7473961599306114,2,0,1.0,1.0,0.5,1.0,0,0,-1,-1.0
2327,followers_count,1,,,0.9513909550558967,0.9993663880918563,3,1,1.0,1.0,0.5,1.0,0,0,-1,-1.0
2343,followers_count,1,,,0.9511823053877478,0.9996057600820952,3,1,1.0,1.0,0.5,1.0,0,0,-1,-1.0
2359,followers_count,1,,,0.9514282657832418,0.999819673656244,3,0,1.0,1.0,0.5,1.0,0,0,1,-1.0
2418,followers_count,1,,,0.9512850203681043,0.9968736868071059,3,1,1.0,1.0,0.5,1.0,0,0,-1,-1.0
2419,followers_count,1,,,0.9511804745737157,0.9999850946485174,3,1,1.0,1.0,0.5,1.0,0,0,-1,-1.0
2481,followers_count,1,,,0.9514162707947552,0.9992575657684146,3,1,1.0,1.0,0.5,1.0,0,0,-1,-1.0
2513,followers_count,1,,,0.9511674694809354,0.9999851401032106,3,0,1.0,1.0,0.5,1.0,0,0,-1,-1.0
2541,followers_count,1,,,0.9514195536337094,0.9995645743421536,4,1,1.0,1.0,0.5,1.0,0,0,-1,-1.0
2547,followers_count,1,,,0.9511771286032431,0.9999851779821216,3,1,1.0,1.0,0.5,1.0,0,0,-1,-1.0
2641,followers_count,1,,,0.9664024306208239,0.9602311434521162,2,0,1.0,1.0,0.5,1.0,0,0,-1,-1.0
2658,followers_count,1,,,0.9521707555705634,0.9979751562967031,3,1,1.0,1.0,0.5,1.0,0,0,-1,-1.0
2692,followers_count,1,,,0.9511693002949676,0.999891954194234,2,1,1.0,1.0,0.5,1.0,0,0,-1,-1.0
2707,followers_count,1,,,0.9612337269504224,0.9781362660495778,3,1,1.0,1.0,0.5,1.0,0,0,-1,-1.0
2735,followers_count,1,,,0.9513420281291749,0.9979664858139727,3,1,1.0,1.0,0.5,1.0,0,0,-1,-1.0
2741,followers_count,1,,,0.9512121034644093,0.999859821514024,3,1,1.0,1.0,0.5,1.0,0,0,-1,-1.0
2762,followers_count,1,,,0.9512316111035797,0.986130947340624,3,1,1.0,1.0,0.5,1.0,0,0,-1,-1.0
2764,followers_count,1,,,0.9511826841768579,0.9999324997805795,3,1,1.0,1.0,0.5,1.0,0,0,-1,-1.0
2801,followers_count,1,,,0.9512542121871492,0.9991244213962132,3,1,1.0,1.0,0.5,1.0,0,0,-1,-1.0
2805,followers_count,1,,,0.9514271925474299,0.9992470013401338,3,1,1.0,1.0,0.5,1.0,0,0,-1,-1.0
2808,followers_count,1,,,0.9511833154920415,0.9999610188126792,3,1,1.0,1.0,0.5,1.0,0,0,-1,-1.0
2841,followers_count,1,,,0.9513277604060276,0.9995206348053816,2,0,1.0,1.0,0.5,1.0,0,0,-1,-1.0
2908,followers_count,1,,,0.9524109078663692,0.9946362401399811,2,1,1.0,1.0,0.5,1.0,0,0,-1,-1.0
2929,followers_count,1,,,0.951179085680312,0.9996796163827832,2,0,1.0,1.0,0.5,1.0,0,0,-1,-1.0
2949,followers_count,1,,,0.9511684795852291,0.9959501838051087,4,1,1.0,1.0,0.5,1.0,0,0,-1,-1.0
2963,followers_count,1,,,0.9536989802352767,0.9933848118295849,2,0,1.0,1.0,0.5,1.0,0,0,-1,-1.0
2980,followers_count,1,,,0.9511861564103672,0.999983613583097,2,1,1.0,1.0,0.5,1.0,0,0,-1,-1.0
3076,followers_count,1,,,0.9511699316101511,0.9999999469695245,2,1,1.0,1.0,0.5,1.0,0,0,-1,-1.0
3111,followers_count,1,,,0.9511703735307796,0.9998238365485641,2,1,1.0,1.0,0.5,1.0,0,0,-1,-1.0
3112,followers_count,1,,,0.9517811709708217,0.9999246664217826,3,1,1.0,1.0,0.5,1.0,0,0,-1,-1.0
3162,followers_count,1,,,0.9511675326124538,0.9998832382568106,3,1,1.0,1.0,0.5,1.0,0,0,-1,-1.0
3187,followers_count,1,,,0.9513247300931468,0.9996081994839643,3,0,1.0,1.0,0.5,1.0,0,0,-1,-1.0
3245,followers_count,0,,,0.9511663331136051,0.9999966666558311,4,1,1.0,1.0,0.5,1.0,0,0,-1,-1.0
3256,followers_count,1,,,0.9514184803978974,0.9992529293897069,3,1,1.0,1.0,0.5,1.0,0,0,-1,-1.0
3293,followers_count,1,,,0.951197835741262,0.999301520456751,2,1,1.0,1.0,0.5,1.0,0,0,-1,-1.0
3330,followers_count,1,,,0.9518114740996301,0.9981094597635815,3,1,1.0,1.0,0.5,1.0,0,0,-1,-1.0
3331,followers_count,1,,,0.9516250467259407,0.9993475812125396,3,1,1.0,1.0,0.5,1.0,0,0,-1,-1.0
3360,followers_count,1,,,0.9514684174289129,0.9933080653679868,2,0,1.0,1.0,0.5,1.0,0,0,-1,-1.0
3373,followers_count,1,,,0.9513624827411205,0.9989303601593248,3,1,1.0,1.0,0.5,1.0,0,0,-1,-1.0
3379,followers_count,1,,,0.9526502394524363,0.9995810554563342,2,1,1.0,1.0,0.5,1.0,0,0,-1,-1.0
3487,followers_count,1,,,0.951183946807225,0.9999694961129634,2,1,1.0,1.0,0.5,1.0,0,0,-1,-1.0
3488,followers_count,1,,,0.9516851479314105,0.9600560709133173,2,1,1.0,1.0,0.5,1.0,0,0,-1,-1.0
3520,followers_count,1,,,0.951170436662298,0.999903011048358,2,1,1.0,1.0,0.5,1.0,0,0,-1,-1.0
3578,followers_count,1,,,0.9520826239709459,0.9997339839837563,2,0,1.0,1.0,0.5,1.0,0,0,-1,-1.0
3580,followers_count,1,,,0.9511713836350731,0.9999526437854548,2,1,1.0,1.0,0.5,1.0,0,0,-1,-1.0
3595,followers_count,1,,,0.9512855885517695,0.9997071619268699,2,1,1.0,1.0,0.5,1.0,0,0,-1,-1.0
3688,followers_count,1,,,0.9511715730296282,0.9999767006818375,3,0,1.0,1.0,0.5,1.0,0,0,-1,-1.0
3709,followers_count,1,,,0.9521482807500306,0.9894932234217662,2,1,1.0,1.0,0.5,1.0,0,0,-1,-1.0
3740,followers_count,1,,,0.9584171773907282,0.9842492631935996,2,1,1.0,1.0,0.5,1.0,0,0,-1,-1.0
3741,followers_count,1,,,0.9517273829171871,0.9986068136530387,2,1,1.0,1.0,0.5,1.0,0,0,-1,-1.0
3764,followers_count,1,,,0.9511687321113025,0.9996908626314622,3,1,1.0,1.0,0.5,1.0,0,0,-1,-1.0
3821,followers_count,1,,,0.9511699316101511,0.9993866419455735,2,1,1.0,1.0,0.5,1.0,0,0,-1,-1.0
3861,followers_count,1,,,0.9512161438815838,0.9998948216277975,3,1,1.0,1.0,0.5,1.0,0,0,-1,-1.0
3902,followers_count,1,,,0.9539400795038577,0.9761956082260015,3,1,1.0,1.0,0.5,1.0,0,0,-1,-1.0
3910,followers_count,1,,,0.9521342655529568,0.9988646932791972,3,0,1.0,1.0,0.5,1.0,0,0,-1,-1.0
3912,followers_count,1,,,0.9512098307297487,0.9999954658943521,4,1,1.0,1.0,0.5,1.0,0,0,1,-1.0
3922,followers_count,1,,,0.9513720787319098,0.9999257535465286,3,0,1.0,1.0,0.5,1.0,0,0,-1,-1.0
3930,followers_count,1,,,0.9514444905834579,0.9935728275922759,2,1,1.0,1.0,0.5,1.0,0,0,-1,-1.0
3939,followers_count,1,,,0.9511787068912019,0.9992067436335119,2,1,1.0,1.0,0.5,1.0,0,0,-1,-1.0
3963,followers_count,1,,,0.952187801080518,0.67951986353006,3,1,1.0,1.0,0.5,1.0,0,0,-1,-1.0
3967,followers_count,1,,,0.9565950123765744,0.9911342060287751,2,1,1.0,1.0,0.5,1.0,0,0,-1,-1.0
3972,followers_count,1,,,0.9511835048865965,0.9972140174588607,3,1,1.0,1.0,0.5,1.0,0,0,-1,-1.0
3974,followers_count,1,,,0.9512218257182353,0.9999398861682266,5,1,1.0,1.0,0.5,1.0,0,0,1,-1.0
4000,followers_count,1,,,0.951169552821041,0.9998656965331216,2,0,1.0,1.0,0.5,1.0,0,0,-1,-1.0
4022,followers_count,1,,,0.9512540227925941,0.9997472643299566,3,1,1.0,1.0,0.5,1.0,0,0,-1,-1.0
4023,followers_count,1,,,0.9511746664740274,0.9999800529654619,2,1,1.0,1.0,0.5,1.0,0,0,-1,-1.0
4054,followers_count,1,,,0.9512353989946807,0.9996186805786408,2,1,1.0,1.0,0.5,1.0,0,0,-1,-1.0
4066,followers_count,1,,,0.9511696790840777,0.9999643521568481,2,0,1.0,1.0,0.5,1.0,0,0,-1,-1.0
4074,followers_count,1,,,0.9512070529429413,0.9991961072353003,3,1,1.0,1.0,0.5,1.0,0,0,-1,-1.0
4076,followers_count,1,,,0.9511733407121421,0.9999928901284033,2,1,1.0,1.0,0.5,1.0,0,0,-1,-1.0
4100,followers_count,1,,,0.9516033926151464,0.9994811157375245,2,1,1.0,1.0,0.5,1.0,0,0,-1,-1.0
4108,followers_count,1,,,0.9511678482700455,0.9999968863535149,3,0,1.0,1.0,0.5,1.0,0,0,-1,-1.0
4138,followers_count,1,,,0.9530383088957375,0.994879248505677,3,1,1.0,1.0,0.5,1.0,0,0,-1,-1.0
4139,followers_count,1,,,0.9537475283728883,0.9927702113468773,2,1,1.0,1.0,0.5,1.0,0,0,-1,-1.0
4153,followers_count,1,,,0.9521624853416595,0.985655570795335,3,1,1.0,1.0,0.5,1.0,0,0,-1,-1.0
4166,followers_count,1,,,0.9630765991025951,0.9809787374107068,3,1,1.0,1.0,0.5,1.0,0,0,-1,-1.0
4203,followers_count,1,,,0.9512600202868374,0.9993248311385868,3,0,1.0,1.0,0.5,1.0,0,0,-1,-1.0
4246,followers_count,1,,,0.9511684795852291,0.9999956211978872,3,1,1.0,1.0,0.5,1.0,0,0,1,-1.0
4266,followers_count,1,,,0.9515830011347192,0.9999160376058545,3,1,1.0,1.0,0.5,1.0,0,0,-1,-1.0
4285,followers_count,1,,,0.9514251092073243,0.9999435187557925,2,1,1.0,1.0,0.5,1.0,0,0,1,-1.0
4344,followers_count,1,,,0.9516809812511994,0.9992971113515094,3,1,1.0,1.0,0.5,1.0,0,0,-1,-1.0
4360,followers_count,1,,,0.951174603342509,0.9990544211686659,2,0,1.0,1.0,0.5,1.0,0,0,-1,-1.0
4401,followers_count,1,,,0.9511942372447161,0.9994607520349653,3,1,1.0,1.0,0.5,1.0,0,0,-1,-1.0
4404,followers_count,1,,,0.9517799714719731,0.9994970210922577,2,0,1.0,1.0,0.5,1.0,0,0,-1,-1.0
4423,followers_count,1,,,0.9513531392764046,0.9962609120879089,3,1,1.0,1.0,0.5,1.0,0,0,-1,-1.0
4427,followers_count,0,,,0.9511665225081601,0.9999752688590013,3,1,1.0,1.0,0.5,1.0,0,0,-1,-1.0
4445,followers_count,1,,,0.9516389356599778,0.9904510598687031,3,1,1.0,1.0,0.5,1.0,0,0,-1,-1.0
4461,followers_count,1,,,0.9511867877255508,0.9999745984022764,2,0,1.0,1.0,0.5,1.0,0,0,-1,-1.0
4469,followers_count,1,,,0.9511762447619861,0.9993602706477281,3,1,1.0,1.0,0.5,1.0,0,0,-1,-1.0
4477,followers_count,1,,,0.9531301652549377,0.9943291103537267,3,1,1.0,1.0,0.5,1.0,0,0,-1,-1.0
4486,followers_count,1,,,0.9516673448432356,0.9965627615539684,4,1,1.0,1.0,0.5,1.0,0,0,-1,-1.0
4494,followers_count,1,,,0.9512009923171796,0.9999134277488858,2,1,1.0,1.0,0.5,1.0,0,0,-1,-1.0
4510,followers_count,1,,,0.9512240353213776,0.9980754066225831,3,1,1.0,1.0,0.5,1.0,0,0,-1,-1.0
4543,followers_count,1,,,0.951432621858008,0.9996034684079791,3,1,1.0,1.0,0.5,1.0,0,0,-1,-1.0
4555,followers_count,1,,,0.9576511395470618,0.9825582008783439,3,1,1.0,1.0,0.5,1.0,0,0,-1,-1.0
4630,followers_count,1,,,0.95118988116995,0.9867040742036663,3,1,1.0,1.0,0.5,1.0,0,0,-1,-1.0
4648,followers_count,1,,,0.9514893770930052,0.9994391118131051,2,0,1.0,1.0,0.5,1.0,0,0,-1,-1.0
4654,followers_count,1,,,0.9512224570334188,0.999832382030888,3,1,1.0,1.0,0.5,1.0,0,0,-1,-1.0
4673,followers_count,1,,,0.9511728356599952,0.9979694479448138,2,1,1.0,1.0,0.5,1.0,0,0,-1,-1.0
4689,followers_count,1,,,0.9511764341565412,0.9999700226298264,3,1,1.0,1.0,0.5,1.0,0,0,-1,-1.0
4694,followers_count,1,,,0.9546250564779618,0.909075071857929,2,1,1.0,1.0,0.5,1.0,0,0,-1,-1.0
4699,followers_count,1,,,0.9512660809125991,0.9965101818375949,2,0,1.0,1.0,0.5,1.0,0,0,-1,-1.0
17,friends_count,1,,,0.9568647713097269,0.8293264826945055,2,1,0.25690440440238577,1.0,0.5,1.0,0,0,-1,-1.0
25,friends_count,1,,,0.950393857037776,0.6922072045135226,3,1,0.25690440440238577,1.0,0.5,1.0,0,0,-1,-1.0
26,friends_count,1,,,0.952337723140832,0.9895093434150273,3,1,0.25690440440238577,1.0,0.5,1.0,0,0,-1,-1.0
65,friends_count,1,,,0.9657806371690771,0.9817416544672155,3,1,0.25690440440238577,1.0,0.5,1.0,0,0,-1,-1.0
75,friends_count,1,,,0.9628060419070962,0.7612014920646574,2,1,0.25690440440238577,1.0,0.5,1.0,0,0,-1,-1.0
89,friends_count,0,,,0.9055872632380296,0.9335462158544859,2,1,0.25690440440238577,1.0,0.5,1.0,0,0,-1,-1.0
145,friends_count,1,,,0.9623248752080886,0.3591560720660826,3,1,0.25690440440238577,1.0,0.5,1.0,0,0,-1,-1.0
199,friends_count,1,,,0.9491843403514301,0.9586770351990882,3,0,0.25690440440238577,1.0,0.5,1.0,0,0,-1,-1.0
228,friends_count,1,,,0.950117396080897,0.9676851699027968,3,1,0.25690440440238577,1.0,0.5,1.0,0,0,-1,-1.0
243,friends_count,1,,,0.971370332140976,0.9984837844396163,3,1,0.25690440440238577,1.0,0.5,1.0,0,0,-1,-1.0
266,friends_count,0,,,0.9490201916582831,0.9725018109240225,2,1,0.25690440440238577,1.0,0.5,1.0,0,0,-1,-1.0
321,friends_count,1,,,0.9530288755330297,0.9905253374315579,2,1,0.25690440440238577,1.0,0.5,1.0,0,0,1,-1.0
334,friends_count,1,,,0.957760629444053,0.6522475378062209,3,1,0.25690440440238577,1.0,0.5,1.0,0,0,-1,-1.0
365,friends_count,1,,,0.9708346890370227,0.9520082785548707,3,1,0.25690440440238577,1.0,0.5,1.0,0,0,-1,-1.0
372,friends_count,1,,,0.950540726921118,0.9869641747307593,3,1,0.25690440440238577,1.0,0.5,1.0,0,0,-1,-1.0
419,friends_count,1,,,0.9573917750087776,0.998849749631285,2,0,0.25690440440238577,1.0,0.5,1.0,0,0,-1,-1.0
425,friends_count,1,,,0.9496508682161635,0.9335524362260157,3,1,0.25690440440238577,1.0,0.5,1.0,0,0,-1,-1.0
428,friends_count,1,,,0.974115022924431,0.4395284558737719,3,1,0.25690440440238577,1.0,0.5,1.0,0,0,-1,-1.0
497,friends_count,1,,,0.9497286228602857,0.0,3,1,0.25690440440238577,1.0,0.5,1.0,0,0,-1,-1.0
502,friends_count,1,,,0.9917334094961006,0.8785405071452363,2,1,0.25690440440238577,1.0,0.5,1.0,0,0,-1,-1.0
514,friends_count,1,,,0.9643810535748768,0.9559328146258672,3,1,0.25690440440238577,1.0,0.5,1.0,0,0,-1,-1.0
597,friends_count,1,,,0.9509208607368267,0.8258016054942973,2,1,0.25690440440238577,1.0,0.5,1.0,0,0,-1,-1.0
704,friends_count,0,,,0.7817500333660079,0.22622673247470027,2,1,0.25690440440238577,1.0,0.5,1.0,0,0,-1,-1.0
720,friends_count,1,,,0.9521104586378368,0.7282050129206493,1,0,0.25690440440238577,1.0,0.5,1.0,0,0,-1,-1.0
740,friends_count,1,,,0.9518193588466837,0.9350147418998079,3,1,0.25690440440238577,1.0,0.5,1.0,0,0,-1,-1.0
762,friends_count,1,,,0.9582643549039273,0.9137472916394928,3,1,0.25690440440238577,1.0,0.5,1.0,0,0,-1,-1.0
786,friends_count,1,,,0.9525105112388814,0.9875919138909729,3,0,0.25690440440238577,1.0,0.5,1.0,0,0,1,-1.0
815,friends_count,1,,,0.9528301692202729,0.9986403304564491,3,1,0.25690440440238577,1.0,0.5,1.0,0,0,-1,-1.0
858,friends_count,1,,,0.9505061693015081,0.9864235207719627,2,1,0.25690440440238577,1.0,0.5,1.0,0,0,-1,-1.0
898,friends_count,1,,,0.9499791656024574,0.9973900357789635,2,1,0.25690440440238577,1.0,0.5,1.0,0,0,-1,-1.0
902,friends_count,1,,,0.9700398637859954,0.9451337312858763,1,0,0.25690440440238577,1.0,0.5,1.0,0,0,-1,-1.0
942,friends_count,1,,,0.9546358048448893,0.9888142168965744,3,1,0.25690440440238577,1.0,0.5,1.0,0,0,-1,-1.0
978,friends_count,1,,,0.9661607709847859,0.9911608520561836,2,1,0.25690440440238577,1.0,0.5,1.0,0,0,1,-1.0
1033,friends_count,1,,,0.9629529117904382,0.7708648392361694,3,1,0.25690440440238577,1.0,0.5,1.0,0,0,-1,-1.0
1039,friends_count,0,,,0.7425962503480086,0.09271371468810696,4,1,0.25690440440238577,1.0,0.5,1.0,0,0,-1,1.0
1125,friends_count,1,,,0.9455617897217637,0.0,3,1,0.25690440440238577,1.0,0.5,1.0,0,0,-1,-1.0
1127,friends_count,1,,,0.949495358927919,0.9713380830836598,2,1,0.25690440440238577,1.0,0.5,1.0,0,0,-1,-1.0
1142,friends_count,0,,,0.9490201916582831,0.9933639003063138,3,1,0.25690440440238577,1.0,0.5,1.0,0,0,-1,
1146,friends_count,1,,,0.9653287481386178,0.7592726585261317,3,1,0.25690440440238577,1.0,0.5,1.0,0,0,-1,-1.0
1159,friends_count,1,,,0.9626445331894801,0.9845688133275001,3,1,0.25690440440238577,1.0,0.5,1.0,0,0,-1,-1.0
1197,friends_count,0,,,0.0,0.0,3,1,0.25690440440238577,1.0,0.5,1.0,0,0,-1,-1.0
1298,friends_count,1,,,0.9911632087725374,0.9810486014059393,3,1,0.25690440440238577,1.0,0.5,1.0,0,0,-1,-1.0
1350,friends_count,1,,,0.9594738715902732,0.9855091261570851,3,1,0.25690440440238577,1.0,0.5,1.0,0,0,-1,-1.0
1369,friends_count,1,,,0.9536077156614953,0.9937982895848101,2,1,0.25690440440238577,1.0,0.5,1.0,0,0,-1,-1.0
1463,friends_count,1,,,0.9494348830936017,0.9684736019941964,3,1,0.25690440440238577,1.0,0.5,1.0,0,0,-1,-1.0
1493,friends_count,1,,,0.9743682056421334,0.9110020343376835,3,1,0.25690440440238577,1.0,0.5,1.0,0,0,1,-1.0
1552,friends_count,1,,,0.9495731135720412,0.9843085944518377,3,1,0.25690440440238577,1.0,0.5,1.0,0,0,-1,-1.0
1572,friends_count,1,,,0.9940314912001579,0.880042208505384,3,1,0.25690440440238577,1.0,0.5,1.0,0,0,-1,-1.0
1592,friends_count,1,,,0.93845155948703,0.7007254849592612,3,1,0.25690440440238577,1.0,0.5,1.0,0,0,-1,-1.0
1613,friends_count,0,,,0.9490115522533806,0.9246262030807825,3,1,0.25690440440238577,1.0,0.5,1.0,0,0,-1,-1.0
1631,friends_count,0,,,0.0,0.0,3,1,0.25690440440238577,1.0,0.5,1.0,0,0,-1,-1.0
1665,friends_count,1,,,0.9491843403514301,0.9874094496594327,2,1,0.25690440440238577,1.0,0.5,1.0,0,0,-1,-1.0
1693,friends_count,1,,,0.9505493663260205,0.6485754451464745,3,1,0.25690440440238577,1.0,0.5,1.0,0,0,-1,-1.0
1743,friends_count,1,,,0.9714108891899574,0.9575760294383173,3,1,0.25690440440238577,1.0,0.5,1.0,0,0,-1,-1.0
1785,friends_count,1,,,0.9618065109139404,0.9973470115425491,2,0,0.25690440440238577,1.0,0.5,1.0,0,0,-1,-1.0
1806,friends_count,1,,,0.9636872612071482,0.7462575678286569,3,1,0.25690440440238577,1.0,0.5,1.0,0,0,-1,-1.0
1810,friends_count,1,,,0.9690204140075038,0.3781359806963215,3,1,0.25690440440238577,1.0,0.5,1.0,0,0,-1,-1.0
1833,friends_count,1,,,0.9679145701799875,0.9832278048985386,3,1,0.25690440440238577,1.0,0.5,1.0,0,0,-1,-1.0
1843,friends_count,1,,,0.9511886822888034,0.758962676678231,3,1,0.25690440440238577,1.0,0.5,1.0,0,0,-1,-1.0
1847,friends_count,1,,,0.9587568009833681,0.0,3,1,0.25690440440238577,1.0,0.5,1.0,0,0,-1,-1.0
1848,friends_count,0,,,0.6199253401378206,0.0,3,1,0.25690440440238577,1.0,0.5,1.0,0,0,-1,-1.0
1867,friends_count,1,,,0.9492534555906498,0.9598122530032729,3,1,0.25690440440238577,1.0,0.5,1.0,0,0,-1,-1.0
1958,friends_count,1,,,0.9494780801181141,0.9959780114417036,3,1,0.25690440440238577,1.0,0.5,1.0,0,0,-1,-1.0
1961,friends_count,1,,,0.957123953456801,0.9780192804709368,3,1,0.25690440440238577,1.0,0.5,1.0,0,0,-1,-1.0
1969,friends_count,1,,,0.9526746599320284,0.919911679825504,3,0,0.25690440440238577,1.0,0.5,1.0,0,0,-1,-1.0
1992,friends_count,1,,,0.9505925633505328,0.9253529498211783,2,0,0.25690440440238577,1.0,0.5,1.0,0,0,-1,-1.0
2034,friends_count,0,,,0.9490288310631856,0.9973578971927263,3,1,0.25690440440238577,1.0,0.5,1.0,0,0,-1,-1.0
2052,friends_count,1,,,0.9618410685335503,0.9872902258717786,3,0,0.25690440440238577,1.0,0.5,1.0,0,0,1,-1.0
2083,friends_count,1,,,0.9664977077759822,0.9520331600409898,3,1,0.25690440440238577,1.0,0.5,1.0,0,0,-1,-1.0
2087,friends_count,1,,,0.9531152695820544,0.9859544010857585,2,1,0.25690440440238577,1.0,0.5,1.0,0,0,-1,-1.0
2115,friends_count,1,,,0.9684156556643309,0.0,2,1,0.25690440440238577,1.0,0.5,1.0,0,0,-1,-1.0
2138,friends_count,0,,,0.0,0.0,3,1,0.25690440440238577,1.0,0.5,1.0,0,0,-1,-1.0
2140,friends_count,1,,,0.9648648602494152,0.9811864863081827,3,1,0.25690440440238577,1.0,0.5,1.0,0,0,-1,-1.0
2204,friends_count,0,,,0.5085720503498696,0.0,3,1,0.25690440440238577,1.0,0.5,1.0,0,0,-1,-1.0
2241,friends_count,1,,,0.9492102585661374,0.9892558632751888,3,1,0.25690440440238577,1.0,0.5,1.0,0,0,-1,-1.0
2299,friends_count,1,,,0.9607611429207414,0.2456332549190231,2,1,0.25690440440238577,1.0,0.5,1.0,0,0,-1,-1.0
2327,friends_count,1,,,0.9527696933859555,0.9318340585909142,3,1,0.25690440440238577,1.0,0.5,1.0,0,0,-1,-1.0
2337,friends_count,1,,,0.9504024964426785,0.9992659961594861,2,1,0.25690440440238577,1.0,0.5,1.0,0,0,-1,-1.0
2418,friends_count,0,,,0.8469689009747627,0.45506901741233696,3,1,0.25690440440238577,1.0,0.5,1.0,0,0,-1,-1.0
2458,friends_count,0,,,0.657558587892985,0.0,2,0,0.25690440440238577,1.0,0.5,1.0,0,0,-1,-1.0
2497,friends_count,1,,,0.9791198783384926,0.9665520255557887,3,1,0.25690440440238577,1.0,0.5,1.0,0,0,1,-1.0
2521,friends_count,1,,,0.9518193588466837,0.9939776436305854,2,0,0.25690440440238577,1.0,0.5,1.0,0,0,-1,-1.0
2541,friends_count,1,,,0.9530807119624445,0.8928655044140238,4,1,0.25690440440238577,1.0,0.5,1.0,0,0,-1,-1.0
2636,friends_count,1,,,0.9495039983328215,0.9615586223102585,2,1,0.25690440440238577,1.0,0.5,1.0,0,0,-1,-1.0
2645,friends_count,1,,,0.9695301388967497,0.9694994449323158,3,1,0.25690440440238577,1.0,0.5,1.0,0,0,-1,-1.0
2658,friends_count,1,,,0.9542297528144732,0.7893092775505532,3,1,0.25690440440238577,1.0,0.5,1.0,0,0,-1,-1.0
2668,friends_count,1,,,0.9704977522458264,0.999545394514032,3,1,0.25690440440238577,1.0,0.5,1.0,0,0,1,
2689,friends_count,0,,,0.9490893068975028,0.99056058620356,2,1,0.25690440440238577,1.0,0.5,1.0,0,0,-1,-1.0
2698,friends_count,1,,,0.9966033938855634,0.8522604741605074,2,1,0.25690440440238577,1.0,0.5,1.0,0,0,-1,-1.0
2707,friends_count,0,,,0.8296900911698204,0.7063409253577694,3,1,0.25690440440238577,1.0,0.5,1.0,0,0,-1,-1.0
2741,friends_count,1,,,0.9574090538185825,0.9627964762446846,3,1,0.25690440440238577,1.0,0.5,1.0,0,0,-1,-1.0
2764,friends_count,1,,,0.9633011279620679,0.978159757194651,3,1,0.25690440440238577,1.0,0.5,1.0,0,0,-1,-1.0
2801,friends_count,0,,,0.9490806674926003,0.9718787370424563,3,1,0.25690440440238577,1.0,0.5,1.0,0,0,-1,-1.0
2805,friends_count,1,,,0.9495039983328215,0.9061299283369839,3,1,0.25690440440238577,1.0,0.5,1.0,0,0,-1,-1.0
2808,friends_count,1,,,0.954739477703719,0.9657672220144482,3,1,0.25690440440238577,1.0,0.5,1.0,0,0,-1,-1.0
2818,friends_count,1,,,0.9524759536192715,0.9670859407787614,2,1,0.25690440440238577,1.0,0.5,1.0,0,0,-1,-1.0
2874,friends_count,0,,,0.9489165187994534,0.9897623051905716,3,1,0.25690440440238577,1.0,0.5,1.0,0,0,-1,-1.0
2909,friends_count,1,,,0.9616682804355009,0.9683030601414215,3,1,0.25690440440238577,1.0,0.5,1.0,0,0,-1,-1.0
2932,friends_count,1,,,0.9700398637859954,0.951603436041141,3,0,0.25690440440238577,1.0,0.5,1.0,0,0,-1,-1.0
2948,friends_count,1,,,0.9509295001417292,0.9896861056393319,2,1,0.25690440440238577,1.0,0.5,1.0,0,0,-1,-1.0
2949,friends_count,0,,,0.9490633886827954,0.9812564654878927,4,1,0.25690440440238577,1.0,0.5,1.0,0,0,-1,-1.0
3076,friends_count,0,,,0.9490893068975028,0.9889546936202886,2,1,0.25690440440238577,1.0,0.5,1.0,0,0,-1,-1.0
3103,friends_count,1,,,0.9375098643526606,0.6993844765302997,2,1,0.25690440440238577,1.0,0.5,1.0,0,0,1,-1.0
3107,friends_count,1,,,0.952942481484005,0.9901350091180643,2,0,0.25690440440238577,1.0,0.5,1.0,0,0,-1,-1.0
3109,friends_count,1,,,0.9512146005035107,0.9979306897377601,3,1,0.25690440440238577,1.0,0.5,1.0,0,0,-1,-1.0
3111,friends_count,1,,,0.971517202024318,0.9585422604826097,2,1,0.25690440440238577,1.0,0.5,1.0,0,0,-1,-1.0
3153,friends_count,0,,,0.9491238645171127,0.9939973414737631,3,1,0.25690440440238577,1.0,0.5,1.0,0,0,-1,-1.0
3162,friends_count,1,,,0.9771932910452416,0.9249118218068582,3,1,0.25690440440238577,1.0,0.5,1.0,0,0,-1,-1.0
3245,friends_count,1,,,0.9492448161857473,0.99657361201568,4,1,0.25690440440238577,1.0,0.5,1.0,0,0,-1,-1.0
3256,friends_count,1,,,0.9497545410749931,0.9588874911025124,3,1,0.25690440440238577,1.0,0.5,1.0,0,0,-1,-1.0
3295,friends_count,1,,,0.98215230945926,0.9276285690724893,2,1,0.25690440440238577,1.0,0.5,1.0,0,0,-1,-1.0
3330,friends_count,1,,,0.9516292919388294,0.8789261701800827,3,1,0.25690440440238577,1.0,0.5,1.0,0,0,-1,-1.0
3331,friends_count,1,,,0.9805859371963819,0.966626670014146,3,1,0.25690440440238577,1.0,0.5,1.0,0,0,-1,-1.0
3373,friends_count,1,,,0.9611671949511575,0.9969468343074667,3,1,0.25690440440238577,1.0,0.5,1.0,0,0,-1,-1.0
3402,friends_count,1,,,0.9667974469720378,0.781785219820991,2,1,0.25690440440238577,1.0,0.5,1.0,0,0,-1,-1.0
3448,friends_count,1,,,0.9502124295348241,0.9751459871884729,2,1,0.25690440440238577,1.0,0.5,1.0,0,0,-1,-1.0
3520,friends_count,1,,,0.9904374987607298,0.8836961584148351,2,1,0.25690440440238577,1.0,0.5,1.0,0,0,-1,-1.0
3550,friends_count,0,,,0.9490720280876979,0.9999164137575686,2,1,0.25690440440238577,1.0,0.5,1.0,0,0,-1,-1.0
3581,friends_count,0,,,0.9491325039220152,0.980201594149301,2,1,0.25690440440238577,1.0,0.5,1.0,0,0,-1,-1.0
3635,friends_count,1,,,0.9498236563142128,0.9468184152418583,2,0,0.25690440440238577,1.0,0.5,1.0,0,0,-1,-1.0
3709,friends_count,1,,,0.949348489044577,0.9132709148531705,2,1,0.25690440440238577,1.0,0.5,1.0,0,0,-1,-1.0
3724,friends_count,1,,,0.9494176042837967,0.998689056700099,3,1,0.25690440440238577,1.0,0.5,1.0,0,0,-1,-1.0
3740,friends_count,1,,,0.9590591801549546,0.9953725619461384,2,1,0.25690440440238577,1.0,0.5,1.0,0,0,1,-1.0
3764,friends_count,1,,,0.9699940267859523,0.76150421681244,3,1,0.25690440440238577,1.0,0.5,1.0,0,0,-1,-1.0
3861,friends_count,1,,,0.9546358048448893,0.9922898494888386,3,1,0.25690440440238577,1.0,0.5,1.0,0,0,-1,-1.0
3902,friends_count,1,,,0.9540742435262287,0.0,3,1,0.25690440440238577,1.0,0.5,1.0,0,0,-1,-1.0
3939,friends_count,1,,,0.9978155505474402,0.8727690390941896,2,1,0.25690440440238577,1.0,0.5,1.0,0,0,-1,-1.0
3948,friends_count,1,,,0.9529856785085173,0.9979706037884095,3,1,0.25690440440238577,1.0,0.5,1.0,0,0,-1,-1.0
3963,friends_count,1,,,0.943220510993194,0.902064397177979,3,1,0.25690440440238577,1.0,0.5,1.0,0,0,-1,-1.0
3981,friends_count,1,,,0.9730982131214703,0.9417218575017925,2,0,0.25690440440238577,1.0,0.5,1.0,0,0,-1,-1.0
4009,friends_count,1,,,0.9651499606111967,0.9706605809512079,2,1,0.25690440440238577,1.0,0.5,1.0,0,0,-1,-1.0
4022,friends_count,1,,,0.9508171878779971,0.9177024112038441,3,1,0.25690440440238577,1.0,0.5,1.0,0,0,-1,-1.0
4023,friends_count,1,,,0.950393857037776,0.9874799472034368,2,1,0.25690440440238577,1.0,0.5,1.0,0,0,-1,-1.0
4049,friends_count,1,,,0.957711432990169,0.998003779103235,3,0,0.25690440440238577,1.0,0.5,1.0,0,0,-1,-1.0
4074,friends_count,1,,,0.9993188070004702,0.9098528206975568,3,1,0.25690440440238577,1.0,0.5,1.0,0,0,-1,-1.0
4076,friends_count,1,,,0.9570030017881664,0.9861793711894188,2,1,0.25690440440238577,1.0,0.5,1.0,0,0,-1,-1.0
4138,friends_count,1,,,0.9745496331450854,0.4451910674230476,3,1,0.25690440440238577,1.0,0.5,1.0,0,0,-1,-1.0
4153,friends_count,1,,,0.9520353439692455,0.9981546231128322,3,1,0.25690440440238577,1.0,0.5,1.0,0,0,-1,-1.0
4166,friends_count,1,,,0.9523463625457345,0.21075615011584514,3,1,0.25690440440238577,1.0,0.5,1.0,0,0,-1,-1.0
4195,friends_count,0,,,0.0,0.0,2,1,0.25690440440238577,1.0,0.5,1.0,0,0,-1,-1.0
4246,friends_count,1,,,0.9499014109583351,0.9720560176310551,3,1,0.25690440440238577,1.0,0.5,1.0,0,0,-1,-1.0
4255,friends_count,1,,,0.9499618867926525,0.9608904507351013,3,1,0.25690440440238577,1.0,0.5,1.0,0,0,-1,-1.0
4308,friends_count,1,,,0.9643551353601694,0.9794173089722547,2,1,0.25690440440238577,1.0,0.5,1.0,0,0,-1,-1.0
4344,friends_count,1,,,0.9739854318508939,0.9089897441478,3,1,0.25690440440238577,1.0,0.5,1.0,0,0,-1,-1.0
4364,friends_count,1,,,0.9877592832409637,0.9973812235859629,3,0,0.25690440440238577,1.0,0.5,1.0,0,0,1,-1.0
4401,friends_count,1,,,0.9519057528957084,0.9990265118555895,3,1,0.25690440440238577,1.0,0.5,1.0,0,0,1,-1.0
4427,friends_count,1,,,0.9594652321853707,0.9719181327288117,3,1,0.25690440440238577,1.0,0.5,1.0,0,0,-1,-1.0
4445,friends_count,1,,,0.9493744072592843,0.9566507491732626,3,1,0.25690440440238577,1.0,0.5,1.0,0,0,-1,-1.0
4477,friends_count,1,,,0.9538928160232768,0.01124550876258823,3,1,0.25690440440238577,1.0,0.5,1.0,0,0,-1,-1.0
4486,friends_count,1,,,0.9543593438880102,0.9634682763699006,4,1,0.25690440440238577,1.0,0.5,1.0,0,0,-1,-1.0
4528,friends_count,0,,,0.669256342130931,0.0,2,1,0.25690440440238577,1.0,0.5,1.0,0,0,-1,-1.0
4654,friends_count,1,,,0.9506530391848501,0.9303463530667087,3,1,0.25690440440238577,1.0,0.5,1.0,0,0,-1,-1.0
4665,friends_count,1,,,0.9541519981703509,0.9891646311594187,3,1,0.25690440440238577,1.0,0.5,1.0,0,0,-1,-1.0
4674,friends_count,1,,,0.961633722815891,0.9928958173486979,2,0,0.25690440440238577,1.0,0.5,1.0,0,0,-1,-1.0
4694,friends_count,1,,,0.9499618867926525,0.4210280342156202,2,1,0.25690440440238577,1.0,0.5,1.0,0,0,-1,-1.0
4727,friends_count,1,,,0.963266570342458,0.9475513823537839,2,1,0.25690440440238577,1.0,0.5,1.0,0,0,-1,-1.0
26,favourites_count,0,,,1.0,1.0,3,0,0.020488126442631267,1.0,0.5,1.0,0,0,1,-1.0
52,favourites_count,0,,,1.0,1.0,3,0,0.020488126442631267,1.0,0.5,1.0,0,0,1,-1.0
58,favourites_count,0,,,1.0,1.0,3,0,0.020488126442631267,1.0,0.5,1.0,0,0,1,-1.0
190,favourites_count,0,,,1.0,1.0,2,0,0.020488126442631267,1.0,0.5,1.0,0,0,1,-1.0
199,favourites_count,0,,,1.0,1.0,3,0,0.020488126442631267,1.0,0.5,1.0,0,0,1,-1.0
241,favourites_count,0,,,1.0,1.0,3,0,0.020488126442631267,1.0,0.5,1.0,0,0,1,-1.0
290,favourites_count,0,,,1.0,1.0,2,0,0.020488126442631267,1.0,0.5,1.0,0,0,1,-1.0
315,favourites_count,0,,,1.0,1.0,4,0,0.020488126442631267,1.0,0.5,1.0,0,0,1,1.0
411,favourites_count,0,,,1.0,1.0,4,0,0.020488126442631267,1.0,0.5,1.0,0,0,1,1.0
419,favourites_count,0,,,1.0,1.0,2,0,0.020488126442631267,1.0,0.5,1.0,0,0,1,-1.0
442,favourites_count,0,,,1.0,1.0,3,0,0.020488126442631267,1.0,0.5,1.0,0,0,1,-1.0
449,favourites_count,0,,,1.0,1.0,3,0,0.020488126442631267,1.0,0.5,1.0,0,0,1,-1.0
466,favourites_count,0,,,1.0,1.0,3,0,0.020488126442631267,1.0,0.5,1.0,0,0,1,-1.0
468,favourites_count,0,,,1.0,1.0,4,0,0.020488126442631267,1.0,0.5,1.0,0,0,1,1.0
481,favourites_count,0,,,1.0,1.0,3,0,0.020488126442631267,1.0,0.5,1.0,0,0,1,-1.0
493,favourites_count,0,,,1.0,1.0,3,0,0.020488126442631267,1.0,0.5,1.0,0,0,1,-1.0
504,favourites_count,0,,,1.0,1.0,3,0,0.020488126442631267,1.0,0.5,1.0,0,0,1,-1.0
505,favourites_count,0,,,1.0,1.0,3,0,0.020488126442631267,1.0,0.5,1.0,0,0,1,-1.0
517,favourites_count,0,,,1.0,1.0,2,0,0.020488126442631267,1.0,0.5,1.0,0,0,1,-1.0
530,favourites_count,0,,,1.0,1.0,4,0,0.020488126442631267,1.0,0.5,1.0,0,0,1,1.0
582,favourites_count,0,,,1.0,1.0,2,0,0.020488126442631267,1.0,0.5,1.0,0,0,1,-1.0
591,favourites_count,0,,,1.0,1.0,3,0,0.020488126442631267,1.0,0.5,1.0,0,0,1,-1.0
646,favourites_count,0,,,1.0,1.0,2,0,0.020488126442631267,1.0,0.5,1.0,0,0,1,-1.0
654,favourites_count,0,,,1.0,1.0,4,0,0.020488126442631267,1.0,0.5,1.0,0,0,1,1.0
682,favourites_count,0,,,1.0,1.0,2,0,0.020488126442631267,1.0,0.5,1.0,0,0,1,-1.0
694,favourites_count,0,,,1.0,1.0,2,0,0.020488126442631267,1.0,0.5,1.0,0,0,1,-1.0
701,favourites_count,0,,,1.0,1.0,3,0,0.020488126442631267,1.0,0.5,1.0,0,0,1,-1.0
729,favourites_count,0,,,1.0,1.0,3,0,0.020488126442631267,1.0,0.5,1.0,0,0,1,-1.0
747,favourites_count,0,,,1.0,1.0,3,0,0.020488126442631267,1.0,0.5,1.0,0,0,1,-1.0
756,favourites_count,0,,,1.0,1.0,4,0,0.020488126442631267,1.0,0.5,1.0,0,0,1,1.0
786,favourites_count,0,,,1.0,1.0,3,0,0.020488126442631267,1.0,0.5,1.0,0,0,1,-1.0
791,favourites_count,0,,,1.0,1.0,3,0,0.020488126442631267,1.0,0.5,1.0,0,0,1,-1.0
808,favourites_count,0,,,1.0,1.0,3,0,0.020488126442631267,1.0,0.5,1.0,0,0,1,-1.0
836,favourites_count,0,,,1.0,1.0,2,0,0.020488126442631267,1.0,0.5,1.0,0,0,1,-1.0
932,favourites_count,0,,,1.0,1.0,3,0,0.020488126442631267,1.0,0.5,1.0,0,0,1,-1.0
942,favourites_count,0,,,1.0,1.0,3,0,0.020488126442631267,1.0,0.5,1.0,0,0,1,-1.0
951,favourites_count,0,,,1.0,1.0,4,0,0.020488126442631267,1.0,0.5,1.0,0,0,1,1.0
970,favourites_count,0,,,1.0,1.0,3,0,0.020488126442631267,1.0,0.5,1.0,0,0,1,-1.0
995,favourites_count,0,,,1.0,1.0,3,0,0.020488126442631267,1.0,0.5,1.0,0,0,1,-1.0
1022,favourites_count,0,,,1.0,1.0,3,0,0.020488126442631267,1.0,0.5,1.0,0,0,1,-1.0
1114,favourites_count,0,,,1.0,1.0,2,0,0.020488126442631267,1.0,0.5,1.0,0,0,1,-1.0
1131,favourites_count,0,,,1.0,1.0,3,0,0.020488126442631267,1.0,0.5,1.0,0,0,1,-1.0
1145,favourites_count,0,,,1.0,1.0,2,0,0.020488126442631267,1.0,0.5,1.0,0,0,1,-1.0
1154,favourites_count,0,,,1.0,1.0,3,0,0.020488126442631267,1.0,0.5,1.0,0,0,1,-1.0
1159,favourites_count,0,,,1.0,1.0,3,0,0.020488126442631267,1.0,0.5,1.0,0,0,1,-1.0
1183,favourites_count,0,,,1.0,1.0,4,0,0.020488126442631267,1.0,0.5,1.0,0,0,1,1.0
1185,favourites_count,0,,,1.0,1.0,3,0,0.020488126442631267,1.0,0.5,1.0,0,0,1,-1.0
1191,favourites_count,0,,,1.0,1.0,2,0,0.020488126442631267,1.0,0.5,1.0,0,0,1,-1.0
1197,favourites_count,0,,,1.0,1.0,3,0,0.020488126442631267,1.0,0.5,1.0,0,0,1,-1.0
1199,favourites_count,0,,,1.0,1.0,3,0,0.020488126442631267,1.0,0.5,1.0,0,0,1,-1.0
1246,favourites_count,0,,,1.0,1.0,3,0,0.020488126442631267,1.0,0.5,1.0,0,0,1,-1.0
1398,favourites_count,0,,,1.0,1.0,4,0,0.020488126442631267,1.0,0.5,1.0,0,0,1,1.0
1411,favourites_count,0,,,1.0,1.0,3,0,0.020488126442631267,1.0,0.5,1.0,0,0,1,-1.0
1478,favourites_count,0,,,1.0,1.0,3,0,0.020488126442631267,1.0,0.5,1.0,0,0,1,-1.0
1493,favourites_count,0,,,1.0,1.0,3,0,0.020488126442631267,1.0,0.5,1.0,0,0,1,-1.0
1497,favourites_count,0,,,1.0,1.0,4,0,0.020488126442631267,1.0,0.5,1.0,0,0,1,1.0
1539,favourites_count,0,,,1.0,1.0,3,0,0.020488126442631267,1.0,0.5,1.0,0,0,1,-1.0
1544,favourites_count,0,,,1.0,1.0,4,0,0.020488126442631267,1.0,0.5,1.0,0,0,1,1.0
1547,favourites_count,0,,,1.0,1.0,4,0,0.020488126442631267,1.0,0.5,1.0,0,0,1,1.0
1565,favourites_count,0,,,1.0,1.0,3,0,0.020488126442631267,1.0,0.5,1.0,0,0,1,-1.0
1575,favourites_count,0,,,1.0,1.0,4,0,0.020488126442631267,1.0,0.5,1.0,0,0,1,1.0
1586,favourites_count,0,,,1.0,1.0,3,0,0.020488126442631267,1.0,0.5,1.0,0,0,1,-1.0
1617,favourites_count,0,,,1.0,1.0,2,0,0.020488126442631267,1.0,0.5,1.0,0,0,1,-1.0
1631,favourites_count,0,,,1.0,1.0,3,0,0.020488126442631267,1.0,0.5,1.0,0,0,1,-1.0
1685,favourites_count,0,,,1.0,1.0,4,0,0.020488126442631267,1.0,0.5,1.0,0,0,1,1.0
1705,favourites_count,0,,,1.0,1.0,2,0,0.020488126442631267,1.0,0.5,1.0,0,0,1,-1.0
1723,favourites_count,0,,,1.0,1.0,3,0,0.020488126442631267,1.0,0.5,1.0,0,0,1,-1.0
1749,favourites_count,0,,,1.0,1.0,2,0,0.020488126442631267,1.0,0.5,1.0,0,0,1,-1.0
1762,favourites_count,0,,,1.0,1.0,3,0,0.020488126442631267,1.0,0.5,1.0,0,0,1,-1.0
1776,favourites_count,0,,,1.0,1.0,2,0,0.020488126442631267,1.0,0.5,1.0,0,0,1,-1.0
1800,favourites_count,0,,,1.0,1.0,3,0,0.020488126442631267,1.0,0.5,1.0,0,0,1,-1.0
1809,favourites_count,0,,,1.0,1.0,3,0,0.020488126442631267,1.0,0.5,1.0,0,0,1,-1.0
1819,favourites_count,0,,,1.0,1.0,3,0,0.020488126442631267,1.0,0.5,1.0,0,0,1,-1.0
1825,favourites_count,0,,,1.0,1.0,3,0,0.020488126442631267,1.0,0.5,1.0,0,0,1,-1.0
1866,favourites_count,0,,,1.0,1.0,4,0,0.020488126442631267,1.0,0.5,1.0,0,0,1,1.0
1867,favourites_count,0,,,1.0,1.0,3,0,0.020488126442631267,1.0,0.5,1.0,0,0,1,-1.0
1966,favourites_count,0,,,1.0,1.0,3,0,0.020488126442631267,1.0,0.5,1.0,0,0,1,-1.0
1969,favourites_count,0,,,1.0,1.0,3,0,0.020488126442631267,1.0,0.5,1.0,0,0,1,-1.0
1970,favourites_count,0,,,1.0,1.0,4,0,0.020488126442631267,1.0,0.5,1.0,0,0,1,1.0
1974,favourites_count,0,,,1.0,1.0,2,0,0.020488126442631267,1.0,0.5,1.0,0,0,1,-1.0
1989,favourites_count,0,,,1.0,1.0,3,0,0.020488126442631267,1.0,0.5,1.0,0,0,1,-1.0
2052,favourites_count,0,,,1.0,1.0,3,0,0.020488126442631267,1.0,0.5,1.0,0,0,1,-1.0
2068,favourites_count,0,,,1.0,1.0,3,0,0.020488126442631267,1.0,0.5,1.0,0,0,1,-1.0
2081,favourites_count,0,,,1.0,1.0,3,0,0.020488126442631267,1.0,0.5,1.0,0,0,1,-1.0
2170,favourites_count,0,,,1.0,1.0,4,0,0.020488126442631267,1.0,0.5,1.0,0,0,1,1.0
2198,favourites_count,0,,,1.0,1.0,3,0,0.020488126442631267,1.0,0.5,1.0,0,0,1,-1.0
2231,favourites_count,0,,,1.0,1.0,3,0,0.020488126442631267,1.0,0.5,1.0,0,0,1,-1.0
2248,favourites_count,0,,,1.0,1.0,2,0,0.020488126442631267,1.0,0.5,1.0,0,0,1,-1.0
2268,favourites_count,0,,,1.0,1.0,3,0,0.020488126442631267,1.0,0.5,1.0,0,0,1,-1.0
2303,favourites_count,0,,,1.0,1.0,3,0,0.020488126442631267,1.0,0.5,1.0,0,0,1,-1.0
2354,favourites_count,0,,,1.0,1.0,3,0,0.020488126442631267,1.0,0.5,1.0,0,0,1,-1.0
2359,favourites_count,0,,,1.0,1.0,3,0,0.020488126442631267,1.0,0.5,1.0,0,0,1,-1.0
2362,favourites_count,0,,,1.0,1.0,3,0,0.020488126442631267,1.0,0.5,1.0,0,0,1,-1.0
2419,favourites_count,0,,,1.0,1.0,3,0,0.020488126442631267,1.0,0.5,1.0,0,0,1,-1.0
2458,favourites_count,0,,,1.0,1.0,2,0,0.020488126442631267,1.0,0.5,1.0,0,0,1,-1.0
2497,favourites_count,0,,,1.0,1.0,3,0,0.020488126442631267,1.0,0.5,1.0,0,0,1,-1.0
2521,favourites_count,0,,,1.0,1.0,2,0,0.020488126442631267,1.0,0.5,1.0,0,0,1,-1.0
2592,favourites_count,0,,,1.0,1.0,3,0,0.020488126442631267,1.0,0.5,1.0,0,0,1,-1.0
2641,favourites_count,0,,,1.0,1.0,2,0,0.020488126442631267,1.0,0.5,1.0,0,0,1,-1.0
2668,favourites_count,0,,,1.0,1.0,3,0,0.020488126442631267,1.0,0.5,1.0,0,0,1,-1.0
2708,favourites_count,0,,,1.0,1.0,4,0,0.020488126442631267,1.0,0.5,1.0,0,0,1,1.0
2737,favourites_count,0,,,1.0,1.0,3,0,0.020488126442631267,1.0,0.5,1.0,0,0,1,-1.0
2798,favourites_count,0,,,1.0,1.0,3,0,0.020488126442631267,1.0,0.5,1.0,0,0,1,-1.0
2841,favourites_count,0,,,1.0,1.0,2,0,0.020488126442631267,1.0,0.5,1.0,0,0,1,-1.0
2929,favourites_count,0,,,1.0,1.0,2,0,0.020488126442631267,1.0,0.5,1.0,0,0,1,-1.0
2958,favourites_count,0,,,1.0,1.0,2,0,0.020488126442631267,1.0,0.5,1.0,0,0,1,-1.0
3019,favourites_count,0,,,1.0,1.0,2,0,0.020488126442631267,1.0,0.5,1.0,0,0,1,-1.0
3078,favourites_count,0,,,1.0,1.0,2,0,0.020488126442631267,1.0,0.5,1.0,0,0,1,-1.0
3100,favourites_count,0,,,1.0,1.0,2,0,0.020488126442631267,1.0,0.5,1.0,0,0,1,-1.0
3141,favourites_count,0,,,1.0,1.0,3,0,0.020488126442631267,1.0,0.5,1.0,0,0,1,-1.0
3146,favourites_count,0,,,1.0,1.0,3,0,0.020488126442631267,1.0,0.5,1.0,0,0,1,-1.0
3187,favourites_count,0,,,1.0,1.0,3,0,0.020488126442631267,1.0,0.5,1.0,0,0,1,-1.0
3317,favourites_count,0,,,1.0,1.0,4,0,0.020488126442631267,1.0,0.5,1.0,0,0,1,1.0
3337,favourites_count,0,,,1.0,1.0,3,0,0.020488126442631267,1.0,0.5,1.0,0,0,1,-1.0
3360,favourites_count,0,,,1.0,1.0,2,0,0.020488126442631267,1.0,0.5,1.0,0,0,1,-1.0
3369,favourites_count,0,,,1.0,1.0,3,0,0.020488126442631267,1.0,0.5,1.0,0,0,1,-1.0
3400,favourites_count,0,,,1.0,1.0,2,0,0.020488126442631267,1.0,0.5,1.0,0,0,1,-1.0
3437,favourites_count,0,,,1.0,1.0,3,0,0.020488126442631267,1.0,0.5,1.0,0,0,1,-1.0
3510,favourites_count,0,,,1.0,1.0,3,0,0.020488126442631267,1.0,0.5,1.0,0,0,1,-1.0
3578,favourites_count,0,,,1.0,1.0,2,0,0.020488126442631267,1.0,0.5,1.0,0,0,1,-1.0
3688,favourites_count,0,,,1.0,1.0,3,0,0.020488126442631267,1.0,0.5,1.0,0,0,1,-1.0
3728,favourites_count,0,,,1.0,1.0,3,0,0.020488126442631267,1.0,0.5,1.0,0,0,1,-1.0
3795,favourites_count,0,,,1.0,1.0,3,0,0.020488126442631267,1.0,0.5,1.0,0,0,1,-1.0
3910,favourites_count,0,,,1.0,1.0,3,0,0.020488126442631267,1.0,0.5,1.0,0,0,1,-1.0
3912,favourites_count,0,,,1.0,1.0,4,0,0.020488126442631267,1.0,0.5,1.0,0,0,1,1.0
3922,favourites_count,0,,,1.0,1.0,3,0,0.020488126442631267,1.0,0.5,1.0,0,0,1,-1.0
3974,favourites_count,0,,,1.0,1.0,5,0,0.020488126442631267,1.0,0.5,1.0,0,0,1,1.0
3981,favourites_count,0,,,1.0,1.0,2,0,0.020488126442631267,1.0,0.5,1.0,0,0,1,-1.0
4000,favourites_count,0,,,1.0,1.0,2,0,0.020488126442631267,1.0,0.5,1.0,0,0,1,-1.0
4049,favourites_count,0,,,1.0,1.0,3,0,0.020488126442631267,1.0,0.5,1.0,0,0,1,-1.0
4064,favourites_count,0,,,1.0,1.0,3,0,0.020488126442631267,1.0,0.5,1.0,0,0,1,-1.0
4066,favourites_count,0,,,1.0,1.0,2,0,0.020488126442631267,1.0,0.5,1.0,0,0,1,-1.0
4068,favourites_count,0,,,1.0,1.0,4,0,0.020488126442631267,1.0,0.5,1.0,0,0,1,1.0
4091,favourites_count,0,,,1.0,1.0,2,0,0.020488126442631267,1.0,0.5,1.0,0,0,1,-1.0
4108,favourites_count,0,,,1.0,1.0,3,0,0.020488126442631267,1.0,0.5,1.0,0,0,1,-1.0
4196,favourites_count,0,,,1.0,1.0,2,0,0.020488126442631267,1.0,0.5,1.0,0,0,1,-1.0
4246,favourites_count,0,,,1.0,1.0,3,0,0.020488126442631267,1.0,0.5,1.0,0,0,1,-1.0
4266,favourites_count,0,,,1.0,1.0,3,0,0.020488126442631267,1.0,0.5,1.0,0,0,1,-1.0
4320,favourites_count,0,,,1.0,1.0,4,0,0.020488126442631267,1.0,0.5,1.0,0,0,1,1.0
4343,favourites_count,0,,,1.0,1.0,3,0,0.020488126442631267,1.0,0.5,1.0,0,0,1,-1.0
4353,favourites_count,0,,,1.0,1.0,2,0,0.020488126442631267,1.0,0.5,1.0,0,0,1,-1.0
4364,favourites_count,0,,,1.0,1.0,3,0,0.020488126442631267,1.0,0.5,1.0,0,0,1,-1.0
4393,favourites_count,0,,,1.0,1.0,2,0,0.020488126442631267,1.0,0.5,1.0,0,0,1,-1.0
4404,favourites_count,0,,,1.0,1.0,2,0,0.020488126442631267,1.0,0.5,1.0,0,0,1,-1.0
4406,favourites_count,0,,,1.0,1.0,4,0,0.020488126442631267,1.0,0.5,1.0,0,0,1,1.0
4461,favourites_count,0,,,1.0,1.0,2,0,0.020488126442631267,1.0,0.5,1.0,0,0,1,-1.0
4573,favourites_count,0,,,1.0,1.0,3,0,0.020488126442631267,1.0,0.5,1.0,0,0,1,-1.0
4645,favourites_count,0,,,1.0,1.0,3,0,0.020488126442631267,1.0,0.5,1.0,0,0,1,-1.0
4648,favourites_count,0,,,1.0,1.0,2,0,0.020488126442631267,1.0,0.5,1.0,0,0,1,-1.0
4674,favourites_count,0,,,1.0,1.0,2,0,0.020488126442631267,1.0,0.5,1.0,0,0,1,-1.0
4699,favourites_count,0,,,1.0,1.0,2,0,0.020488126442631267,1.0,0.5,1.0,0,0,1,-1.0
4718,favourites_count,0,,,1.0,1.0,3,0,0.020488126442631267,1.0,0.5,1.0,0,0,1,-1.0
7,statuses_count,1,,,0.9729175969308951,0.6930129163471619,3,1,0.3516346101696187,1.0,0.5,1.0,0,0,-1,-1.0
52,statuses_count,1,,,0.9230813266181342,0.947748602829926,3,0,0.3516346101696187,1.0,0.5,1.0,0,0,-1,-1.0
75,statuses_count,1,,,0.9228023648593248,0.9112194903863542,2,1,0.3516346101696187,1.0,0.5,1.0,0,0,-1,-1.0
89,statuses_count,1,,,0.9899067124396254,0.7383010147406717,2,1,0.3516346101696187,1.0,0.5,1.0,0,0,-1,-1.0
114,statuses_count,1,,,0.9301862415369484,0.5545600626832207,2,1,0.3516346101696187,1.0,0.5,1.0,0,0,-1,-1.0
156,statuses_count,1,,,0.922561286796156,0.0,2,1,0.3516346101696187,1.0,0.5,1.0,0,0,-1,-1.0
228,statuses_count,1,,,0.9605792973578576,0.9266799643362551,3,1,0.3516346101696187,1.0,0.5,1.0,0,0,-1,-1.0
241,statuses_count,1,,,0.9422676964740305,0.6413252285682229,3,0,0.3516346101696187,1.0,0.5,1.0,0,0,-1,-1.0
289,statuses_count,1,,,0.9218070568556711,0.9952632293354151,3,1,0.3516346101696187,1.0,0.5,1.0,0,0,-1,-1.0
306,statuses_count,1,,,0.928247285114606,0.8302761530885358,2,1,0.3516346101696187,1.0,0.5,1.0,0,0,-1,-1.0
321,statuses_count,1,,,0.9282059574466343,0.9702145297777225,2,1,0.3516346101696187,1.0,0.5,1.0,0,0,-1,-1.0
341,statuses_count,0,,,0.6829385706346078,0.0,2,0,0.3516346101696187,1.0,0.5,1.0,0,0,-1,-1.0
367,statuses_count,1,,,0.9234946032978519,0.8646853628034954,2,1,0.3516346101696187,1.0,0.5,1.0,0,0,-1,-1.0
372,statuses_count,1,,,0.9271589898580159,0.999455301336132,3,1,0.3516346101696187,1.0,0.5,1.0,0,0,-1,-1.0
398,statuses_count,1,,,0.9718755266034761,0.0,3,1,0.3516346101696187,1.0,0.5,1.0,0,0,-1,-1.0
417,statuses_count,1,,,0.9302571116670307,0.7206299238309605,2,1,0.3516346101696187,1.0,0.5,1.0,0,0,-1,-1.0
423,statuses_count,0,,,0.0,0.0,3,0,0.3516346101696187,1.0,0.5,1.0,0,0,-1,-1.0
425,statuses_count,1,,,0.9218931561639456,0.9798118474724679,3,1,0.3516346101696187,1.0,0.5,1.0,0,0,-1,-1.0
428,statuses_count,1,,,0.9696679403393171,0.4176958445761143,3,1,0.3516346101696187,1.0,0.5,1.0,0,0,-1,-1.0
497,statuses_count,1,,,0.9226095024087898,0.7244455007764545,3,1,0.3516346101696187,1.0,0.5,1.0,0,0,-1,-1.0
504,statuses_count,1,,,0.9233120727643099,0.9706889714060385,3,1,0.3516346101696187,1.0,0.5,1.0,0,0,-1,-1.0
514,statuses_count,1,,,0.921827720689657,0.99815513290174,3,1,0.3516346101696187,1.0,0.5,1.0,0,0,-1,-1.0
538,statuses_count,1,,,0.9284022638695002,0.782575138800494,3,1,0.3516346101696187,1.0,0.5,1.0,0,0,-1,-1.0
551,statuses_count,1,,,0.9405890286599744,0.0,3,1,0.3516346101696187,1.0,0.5,1.0,0,0,1,-1.0
582,statuses_count,1,,,0.9498272157405343,0.9670362254723531,2,0,0.3516346101696187,1.0,0.5,1.0,0,0,-1,-1.0
682,statuses_count,0,,,0.3519142820976864,0.0,2,0,0.3516346101696187,1.0,0.5,1.0,0,0,-1,-1.0
729,statuses_count,1,,,0.9226267222704447,0.981057670023477,3,1,0.3516346101696187,1.0,0.5,1.0,0,0,1,-1.0
754,statuses_count,1,,,0.9224131959859239,0.9981664980104322,2,1,0.3516346101696187,1.0,0.5,1.0,0,0,-1,-1.0
808,statuses_count,1,,,0.9324351554690792,0.3325565091491217,3,1,0.3516346101696187,1.0,0.5,1.0,0,0,-1,-1.0
815,statuses_count,1,,,0.9221686739504242,0.9968787278764317,3,1,0.3516346101696187,1.0,0.5,1.0,0,0,-1,-1.0
832,statuses_count,1,,,0.7791872653685398,0.7329218054774655,3,1,0.3516346101696187,1.0,0.5,1.0,0,0,-1,-1.0
898,statuses_count,1,,,0.921824276717326,0.9947408476122518,2,1,0.3516346101696187,1.0,0.5,1.0,0,0,-1,-1.0
928,statuses_count,1,,,0.926046586795109,0.9981365354511527,2,1,0.3516346101696187,1.0,0.5,1.0,0,0,-1,-1.0
971,statuses_count,1,,,0.9350629063576178,0.44245669692638356,3,1,0.3516346101696187,1.0,0.5,1.0,0,0,-1,
978,statuses_count,1,,,0.924024975036823,0.8245237549835445,2,1,0.3516346101696187,1.0,0.5,1.0,0,0,-1,-1.0
995,statuses_count,1,,,0.9690032536794377,0.8836070289460325,3,1,0.3516346101696187,1.0,0.5,1.0,0,0,-1,-1.0
1039,statuses_count,1,,,0.9341571416345698,0.6999251754537812,4,1,0.3516346101696187,1.0,0.5,1.0,0,0,-1,-1.0
1087,statuses_count,1,,,0.922371868317952,0.9219450534167289,3,1,0.3516346101696187,1.0,0.5,1.0,0,0,-1,-1.0
1091,statuses_count,1,,,0.9341984693025416,0.9716012796765154,3,1,0.3516346101696187,1.0,0.5,1.0,0,0,-1,-1.0
1125,statuses_count,0,,,0.0,0.0,3,1,0.3516346101696187,1.0,0.5,1.0,0,0,-1,-1.0
1145,statuses_count,1,,,0.9237873409459854,0.9988889056465788,2,0,0.3516346101696187,1.0,0.5,1.0,0,0,-1,-1.0
1146,statuses_count,1,,,0.9218518284959739,0.8140856258839133,3,1,0.3516346101696187,1.0,0.5,1.0,0,0,-1,-1.0
1177,statuses_count,1,,,0.9260087030994683,0.975971060649511,3,1,0.3516346101696187,1.0,0.5,1.0,0,0,-1,-1.0
1199,statuses_count,1,,,0.9242936048786395,0.8781542564338366,3,0,0.3516346101696187,1.0,0.5,1.0,0,0,-1,-1.0
1306,statuses_count,1,,,0.9366505776022002,0.7920612850683952,2,1,0.3516346101696187,1.0,0.5,1.0,0,0,-1,-1.0
1350,statuses_count,1,,,0.9232466372900213,0.9970250278210518,3,1,0.3516346101696187,1.0,0.5,1.0,0,0,-1,
1463,statuses_count,1,,,0.9223512044839661,0.98338131815519,3,1,0.3516346101696187,1.0,0.5,1.0,0,0,-1,-1.0
1592,statuses_count,1,,,0.9281233021106907,0.2657050800763191,3,1,0.3516346101696187,1.0,0.5,1.0,0,0,-1,-1.0
1622,statuses_count,1,,,0.9312710928212076,0.7817260618620139,2,1,0.3516346101696187,1.0,0.5,1.0,0,0,-1,-1.0
1655,statuses_count,1,,,0.9703567348055133,0.9035918493471435,2,0,0.3516346101696187,1.0,0.5,1.0,0,0,-1,-1.0
1694,statuses_count,0,,,0.0,0.0,2,1,0.3516346101696187,1.0,0.5,1.0,0,0,-1,-1.0
1726,statuses_count,1,,,0.9218793802746218,0.9978999345520143,2,0,0.3516346101696187,1.0,0.5,1.0,0,0,-1,-1.0
1743,statuses_count,1,,,0.9229917833375287,0.782599935401277,3,1,0.3516346101696187,1.0,0.5,1.0,0,0,-1,-1.0
1766,statuses_count,1,,,0.9382795765147542,0.9587415558720782,2,1,0.3516346101696187,1.0,0.5,1.0,0,0,-1,-1.0
1809,statuses_count,1,,,0.9437486045763525,0.8983331102360751,3,0,0.3516346101696187,1.0,0.5,1.0,0,0,-1,-1.0
1945,statuses_count,1,,,0.9284022638695002,0.6673932750564393,3,1,0.3516346101696187,1.0,0.5,1.0,0,0,-1,-1.0
1953,statuses_count,0,,,0.0,0.0,2,1,0.3516346101696187,1.0,0.5,1.0,0,0,-1,-1.0
1973,statuses_count,1,,,0.9369570911396575,0.9579451717102621,3,1,0.3516346101696187,1.0,0.5,1.0,0,0,-1,-1.0
1975,statuses_count,1,,,0.7801481336488836,0.9600617682254364,2,1,0.3516346101696187,1.0,0.5,1.0,0,0,-1,
1998,statuses_count,1,,,0.9256229781983983,0.9919958639055666,2,1,0.3516346101696187,1.0,0.5,1.0,0,0,-1,-1.0
2081,statuses_count,1,,,0.991273969455025,0.9930464132254091,3,0,0.3516346101696187,1.0,0.5,1.0,0,0,-1,-1.0
2087,statuses_count,1,,,0.9243728162422522,0.987375637264662,2,1,0.3516346101696187,1.0,0.5,1.0,0,0,-1,-1.0
2138,statuses_count,1,,,0.9696561551334558,0.39797242167492486,3,1,0.3516346101696187,1.0,0.5,1.0,0,0,-1,-1.0
2204,statuses_count,1,,,0.9737234864563447,0.9908814633387076,3,1,0.3516346101696187,1.0,0.5,1.0,0,0,-1,-1.0
2241,statuses_count,1,,,0.9290393987507317,0.9923913696880564,3,1,0.3516346101696187,1.0,0.5,1.0,0,0,-1,-1.0
2248,statuses_count,1,,,0.7576521063829142,0.15658639850040346,2,0,0.3516346101696187,1.0,0.5,1.0,0,0,-1,-1.0
2337,statuses_count,1,,,0.9254507795818493,0.9909831294019182,2,1,0.3516346101696187,1.0,0.5,1.0,0,0,-1,-1.0
2343,statuses_count,1,,,0.9224166399582548,0.965630878122973,3,1,0.3516346101696187,1.0,0.5,1.0,0,0,-1,-1.0
2418,statuses_count,1,,,0.9227093776063883,0.7597469748429249,3,1,0.3516346101696187,1.0,0.5,1.0,0,0,-1,-1.0
2504,statuses_count,1,,,0.9244003680209,0.9858725499805285,3,1,0.3516346101696187,1.0,0.5,1.0,0,0,-1,-1.0
2541,statuses_count,0,,,0.6447414735116952,0.0,4,1,0.3516346101696187,1.0,0.5,1.0,0,0,-1,-1.0
2547,statuses_count,1,,,0.9532780760161775,0.9203173632136605,3,1,0.3516346101696187,1.0,0.5,1.0,0,0,-1,-1.0
2592,statuses_count,1,,,0.9457343233224603,0.5802803368454545,3,0,0.3516346101696187,1.0,0.5,1.0,0,0,1,-1.0
2636,statuses_count,1,,,0.9414308111976021,0.9799523615435719,2,1,0.3516346101696187,1.0,0.5,1.0,0,0,-1,-1.0
2645,statuses_count,1,,,0.938692853194472,0.8716992879733251,3,1,0.3516346101696187,1.0,0.5,1.0,0,0,-1,-1.0
2692,statuses_count,1,,,0.9278271204902263,0.9873281104464945,2,1,0.3516346101696187,1.0,0.5,1.0,0,0,-1,-1.0
2737,statuses_count,1,,,0.928068198553395,0.7947029496051511,3,0,0.3516346101696187,1.0,0.5,1.0,0,0,-1,-1.0
2741,statuses_count,0,,,0.7170648924623007,0.0,3,1,0.3516346101696187,1.0,0.5,1.0,0,0,-1,-1.0
2801,statuses_count,1,,,0.9936758714585872,0.8392492163585674,3,1,0.3516346101696187,1.0,0.5,1.0,0,0,-1,-1.0
2818,statuses_count,1,,,0.9300932542840119,0.9243335859871576,2,1,0.3516346101696187,1.0,0.5,1.0,0,0,-1,-1.0
2909,statuses_count,1,,,0.9224545236538956,0.9978400094334552,3,1,0.3516346101696187,1.0,0.5,1.0,0,0,-1,-1.0
2948,statuses_count,1,,,0.9226956017170643,0.976474638283747,2,1,0.3516346101696187,1.0,0.5,1.0,0,0,-1,-1.0
2949,statuses_count,1,,,0.9306236260229831,0.9821427279460759,4,1,0.3516346101696187,1.0,0.5,1.0,0,0,-1,-1.0
2958,statuses_count,1,,,0.9553272395531113,0.9775534970561502,2,0,0.3516346101696187,1.0,0.5,1.0,0,0,-1,-1.0
2980,statuses_count,1,,,0.9752973818116031,0.755160843528097,2,1,0.3516346101696187,1.0,0.5,1.0,0,0,-1,-1.0
2985,statuses_count,1,,,0.9298246244421954,0.9191269197377336,1,0,0.3516346101696187,1.0,0.5,1.0,0,0,-1,-1.0
3100,statuses_count,1,,,0.9223512044839661,0.8783354782578928,2,0,0.3516346101696187,1.0,0.5,1.0,0,0,-1,-1.0
3109,statuses_count,1,,,0.9332444889668597,0.9686269274125867,3,1,0.3516346101696187,1.0,0.5,1.0,0,0,-1,-1.0
3112,statuses_count,1,,,0.9561847886635256,0.28762155567843073,3,1,0.3516346101696187,1.0,0.5,1.0,0,0,-1,-1.0
3214,statuses_count,0,,,0.5714124146404431,0.0,2,1,0.3516346101696187,1.0,0.5,1.0,0,0,-1,-1.0
3245,statuses_count,1,,,0.9218105008280021,0.9999793361660141,4,1,0.3516346101696187,1.0,0.5,1.0,0,0,-1,-1.0
3293,statuses_count,1,,,0.9219861434168821,0.9720680756862565,2,1,0.3516346101696187,1.0,0.5,1.0,0,0,-1,-1.0
3295,statuses_count,1,,,0.9318910078407842,0.9886419170113172,2,1,0.3516346101696187,1.0,0.5,1.0,0,0,-1,-1.0
3331,statuses_count,0,,,0.6037891985239976,0.0,3,1,0.3516346101696187,1.0,0.5,1.0,0,0,-1,-1.0
3373,statuses_count,1,,,0.9438071521059792,0.9354108474719722,3,1,0.3516346101696187,1.0,0.5,1.0,0,0,-1,-1.0
3379,statuses_count,1,,,0.9380040587282759,0.6620115861331548,2,1,0.3516346101696187,1.0,0.5,1.0,0,0,-1,-1.0
3448,statuses_count,1,,,0.9364852669303131,0.9828415788114786,2,1,0.3516346101696187,1.0,0.5,1.0,0,0,-1,-1.0
3580,statuses_count,1,,,0.9290428427230627,0.9894595849221387,2,1,0.3516346101696187,1.0,0.5,1.0,0,0,-1,-1.0
3586,statuses_count,1,,,0.7501993502586709,0.484728908749653,2,0,0.3516346101696187,1.0,0.5,1.0,0,0,-1,-1.0
3675,statuses_count,1,,,0.9251959256293567,0.923044576023118,2,0,0.3516346101696187,1.0,0.5,1.0,0,0,-1,-1.0
3723,statuses_count,1,,,0.9390441383722321,0.9845533708188695,2,0,0.3516346101696187,1.0,0.5,1.0,0,0,-1,-1.0
3728,statuses_count,1,,,0.9260087030994683,0.9606845761817712,3,0,0.3516346101696187,1.0,0.5,1.0,0,0,-1,-1.0
3795,statuses_count,1,,,0.9234153919342394,0.7855873058806168,3,0,0.3516346101696187,1.0,0.5,1.0,0,0,-1,-1.0
3821,statuses_count,1,,,0.9218070568556711,0.9792231348422099,2,1,0.3516346101696187,1.0,0.5,1.0,0,0,-1,-1.0
3930,statuses_count,1,,,0.9535019342176912,0.6854280494443021,2,1,0.3516346101696187,1.0,0.5,1.0,0,0,-1,-1.0
3948,statuses_count,1,,,0.9247964248389628,0.9976189064098062,3,1,0.3516346101696187,1.0,0.5,1.0,0,0,-1,-1.0
3960,statuses_count,1,,,0.9224304158475788,0.9990893448362419,2,1,0.3516346101696187,1.0,0.5,1.0,0,0,-1,-1.0
3967,statuses_count,1,,,0.7651427462027984,0.7261926279399613,2,1,0.3516346101696187,1.0,0.5,1.0,0,0,-1,-1.0
3972,statuses_count,1,,,0.9241765098193863,0.39240703126750587,3,1,0.3516346101696187,1.0,0.5,1.0,0,0,-1,-1.0
3991,statuses_count,1,,,0.9376252217718679,0.998478728541959,2,0,0.3516346101696187,1.0,0.5,1.0,0,0,-1,-1.0
4024,statuses_count,1,,,0.9257400732576517,0.5444430495637302,3,1,0.3516346101696187,1.0,0.5,1.0,0,0,-1,-1.0
4054,statuses_count,0,,,0.567217656341308,0.0,2,1,0.3516346101696187,1.0,0.5,1.0,0,0,-1,-1.0
4091,statuses_count,1,,,0.9333650279984441,0.9162011274836719,2,0,0.3516346101696187,1.0,0.5,1.0,0,0,-1,-1.0
4100,statuses_count,1,,,0.924758541143322,0.8168616053415774,2,1,0.3516346101696187,1.0,0.5,1.0,0,0,-1,-1.0
4138,statuses_count,1,,,0.9903750926766388,0.9260123158601711,3,1,0.3516346101696187,1.0,0.5,1.0,0,0,-1,-1.0
4180,statuses_count,1,,,0.9230951025074581,0.5065402054367767,2,1,0.3516346101696187,1.0,0.5,1.0,0,0,-1,-1.0
4196,statuses_count,1,,,0.9694908444615687,0.8923982504769884,2,0,0.3516346101696187,1.0,0.5,1.0,0,0,-1,-1.0
4255,statuses_count,1,,,0.9311608857066161,0.9733758897392234,3,1,0.3516346101696187,1.0,0.5,1.0,0,0,-1,-1.0
4285,statuses_count,1,,,0.9508741833291526,0.9025359274304647,2,1,0.3516346101696187,1.0,0.5,1.0,0,0,-1,-1.0
4353,statuses_count,1,,,0.9535191540793462,0.9374018078765125,2,0,0.3516346101696187,1.0,0.5,1.0,0,0,-1,-1.0
4380,statuses_count,1,,,0.7865298143781917,0.275752456075277,2,1,0.3516346101696187,1.0,0.5,1.0,0,0,-1,-1.0
4393,statuses_count,1,,,0.9250133950958147,0.9330902989153571,2,0,0.3516346101696187,1.0,0.5,1.0,0,0,-1,-1.0
4423,statuses_count,1,,,0.927145213968692,0.8040403162683539,3,1,0.3516346101696187,1.0,0.5,1.0,0,0,-1,-1.0
4432,statuses_count,1,,,0.9458046560579483,0.9318870438623589,2,1,0.3516346101696187,1.0,0.5,1.0,0,0,-1,-1.0
4467,statuses_count,1,,,0.9260706946014259,0.7578361901142499,3,1,0.3516346101696187,1.0,0.5,1.0,0,0,-1,-1.0
4469,statuses_count,1,,,0.9687366145210838,0.7693116436799725,3,1,0.3516346101696187,1.0,0.5,1.0,0,0,-1,-1.0
4486,statuses_count,1,,,0.941995622659883,0.9222593503316543,4,1,0.3516346101696187,1.0,0.5,1.0,0,0,-1,-1.0
4510,statuses_count,1,,,0.9370741861989109,0.7209708770917276,3,1,0.3516346101696187,1.0,0.5,1.0,0,0,-1,-1.0
4528,statuses_count,1,,,0.9225302910451773,0.7389783752187291,2,1,0.3516346101696187,1.0,0.5,1.0,0,0,-1,-1.0
4555,statuses_count,1,,,0.9954219654303946,0.4568118623963794,3,1,0.3516346101696187,1.0,0.5,1.0,0,0,-1,-1.0
4630,statuses_count,1,,,0.9218036128833402,0.9466362686464657,3,1,0.3516346101696187,1.0,0.5,1.0,0,0,-1,-1.0
4665,statuses_count,1,,,0.9223959761242689,0.999027766610964,3,1,0.3516346101696187,1.0,0.5,1.0,0,0,-1,-1.0
4675,statuses_count,1,,,0.9291323860036682,0.9713733575876511,2,0,0.3516346101696187,1.0,0.5,1.0,0,0,-1,-1.0
4689,statuses_count,1,,,0.9974986807459763,0.7886724162947097,3,1,0.3516346101696187,1.0,0.5,1.0,0,0,-1,-1.0
4708,statuses_count,1,,,0.9241558459854003,0.5715839623124939,3,1,0.3516346101696187,1.0,0.5,1.0,0,0,-1,-1.0
4727,statuses_count,0,,,0.0,0.0,2,1,0.3516346101696187,1.0,0.5,1.0,0,0,-1,-1.0
25,listed_count,1,,,0.9522056891128385,0.9857200107400307,3,1,0.9927021259898942,1.0,0.5,1.0,0,0,-1,-1.0
26,listed_count,1,,,0.952060761685607,0.9996626089494052,3,1,0.9927021259898942,1.0,0.5,1.0,0,0,1,-1.0
76,listed_count,1,,,0.9716259643618529,0.9413252615207838,3,1,0.9927021259898942,1.0,0.5,1.0,0,0,-1,-1.0
365,listed_count,1,,,0.9533651085306901,0.9957947857714522,3,1,0.9927021259898942,1.0,0.5,1.0,0,0,-1,-1.0
411,listed_count,1,,,0.952060761685607,0.9998991305106469,4,1,0.9927021259898942,1.0,0.5,1.0,0,0,1,-1.0
417,listed_count,1,,,0.954756411832112,0.9974434801836372,2,1,0.9927021259898942,1.0,0.5,1.0,0,0,-1,
426,listed_count,1,,,0.9635100284368917,0.9683461107635244,3,1,0.9927021259898942,1.0,0.5,1.0,0,0,-1,-1.0
442,listed_count,1,,,0.9522056891128385,0.9990765224336812,3,0,0.9927021259898942,1.0,0.5,1.0,0,0,1,-1.0
481,listed_count,1,,,0.9520027907147145,0.9997460871474905,3,0,0.9927021259898942,1.0,0.5,1.0,0,0,1,-1.0
504,listed_count,1,,,0.952060761685607,0.9998226088290687,3,1,0.9927021259898942,1.0,0.5,1.0,0,0,1,-1.0
530,listed_count,1,,,0.9520027907147145,0.9996069568173483,4,1,0.9927021259898942,1.0,0.5,1.0,0,0,1,-1.0
654,listed_count,1,,,0.951944819743822,0.999874782702872,4,1,0.9927021259898942,1.0,0.5,1.0,0,0,1,-1.0
717,listed_count,1,,,0.95235061654007,0.9988939138753695,2,1,0.9927021259898942,1.0,0.5,1.0,0,0,1,-1.0
767,listed_count,1,,,0.9520027907147145,0.9998000001504206,3,1,0.9927021259898942,1.0,0.5,1.0,0,0,1,-1.0
808,listed_count,1,,,0.9991621755358286,0.8740870512213155,3,1,0.9927021259898942,1.0,0.5,1.0,0,0,-1,-1.0
865,listed_count,1,,,0.9551622086283601,0.9905947896823878,3,1,0.9927021259898942,1.0,0.5,1.0,0,0,-1,-1.0
942,listed_count,1,,,0.9519738052292682,0.9998260870873222,3,1,0.9927021259898942,1.0,0.5,1.0,0,0,1,-1.0
1033,listed_count,1,,,0.951944819743822,0.9957130467024937,3,1,0.9927021259898942,1.0,0.5,1.0,0,0,-1,-1.0
1087,listed_count,1,,,0.952060761685607,0.9991878266977949,3,1,0.9927021259898942,1.0,0.5,1.0,0,0,1,-1.0
1142,listed_count,1,,,0.952060761685607,0.9996069568173483,3,1,0.9927021259898942,1.0,0.5,1.0,0,0,1,-1.0
1246,listed_count,1,,,0.9522056891128385,0.9992173918929501,3,1,0.9927021259898942,1.0,0.5,1.0,0,0,1,-1.0
1298,listed_count,1,,,0.9902581222762755,0.8285218680997474,3,1,0.9927021259898942,1.0,0.5,1.0,0,0,-1,-1.0
1393,listed_count,1,,,0.9797419002868142,0.9172870187304664,3,1,0.9927021259898942,1.0,0.5,1.0,0,0,-1,-1.0
1398,listed_count,1,,,0.952060761685607,0.9996539133037713,4,0,0.9927021259898942,1.0,0.5,1.0,0,0,1,-1.0
1497,listed_count,1,,,0.95235061654007,0.9975634800933848,4,1,0.9927021259898942,1.0,0.5,1.0,0,0,1,-1.0
1544,listed_count,1,,,0.952060761685607,0.9999965217417465,4,0,0.9927021259898942,1.0,0.5,1.0,0,0,1,-1.0
1547,listed_count,1,,,0.951944819743822,0.9995304351357701,4,1,0.9927021259898942,1.0,0.5,1.0,0,0,1,-1.0
1557,listed_count,1,,,0.9649593027092062,0.966215677583222,3,1,0.9927021259898942,1.0,0.5,1.0,0,0,-1,-1.0
1575,listed_count,1,,,0.9522056891128385,0.9996556524328981,4,1,0.9927021259898942,1.0,0.5,1.0,0,0,1,-1.0
1665,listed_count,1,,,0.952060761685607,0.9996626089494052,2,1,0.9927021259898942,1.0,0.5,1.0,0,0,1,-1.0
1843,listed_count,1,,,0.9717653825615423,0.809680143140241,3,1,0.9927021259898942,1.0,0.5,1.0,0,0,-1,-1.0
1958,listed_count,1,,,0.95235061654007,0.9986991314131705,3,1,0.9927021259898942,1.0,0.5,1.0,0,0,1,-1.0
2015,listed_count,1,,,0.9530172827053347,0.9968156545688706,3,1,0.9927021259898942,1.0,0.5,1.0,0,0,-1,-1.0
2034,listed_count,1,,,0.952060761685607,0.9995686959765592,3,1,0.9927021259898942,1.0,0.5,1.0,0,0,1,-1.0
2068,listed_count,1,,,0.9520027907147145,0.9996730437241659,3,0,0.9927021259898942,1.0,0.5,1.0,0,0,1,-1.0
2170,listed_count,1,,,0.952060761685607,0.9994886960367274,4,1,0.9927021259898942,1.0,0.5,1.0,0,0,1,-1.0
2419,listed_count,1,,,0.952060761685607,0.99984347837859,3,1,0.9927021259898942,1.0,0.5,1.0,0,0,1,-1.0
2504,listed_count,1,,,0.9519738052292682,0.9990626094006669,3,1,0.9927021259898942,1.0,0.5,1.0,0,0,1,-1.0
2698,listed_count,1,,,0.952060761685607,0.9996991306610675,2,1,0.9927021259898942,1.0,0.5,1.0,0,0,1,-1.0
2762,listed_count,1,,,0.9808723342192195,0.9182504962667011,3,1,0.9927021259898942,1.0,0.5,1.0,0,0,-1,-1.0
2798,listed_count,1,,,0.953654963385153,0.9953339165528562,3,0,0.9927021259898942,1.0,0.5,1.0,0,0,-1,-1.0
2874,listed_count,1,,,0.9520027907147145,0.9999391304805628,3,1,0.9927021259898942,1.0,0.5,1.0,0,0,1,-1.0
2908,listed_count,1,,,0.9764955259168296,0.9706400220817437,2,1,0.9927021259898942,1.0,0.5,1.0,0,0,-1,-1.0
3153,listed_count,1,,,0.952060761685607,0.999906087027154,3,1,0.9927021259898942,1.0,0.5,1.0,0,0,1,-1.0
3317,listed_count,1,,,0.9520317762001608,0.9997182610814621,4,1,0.9927021259898942,1.0,0.5,1.0,0,0,1,-1.0
3581,listed_count,1,,,0.952060761685607,0.9996121742047286,2,1,0.9927021259898942,1.0,0.5,1.0,0,0,1,-1.0
3741,listed_count,1,,,0.952147718141946,0.9886834867720594,2,1,0.9927021259898942,1.0,0.5,1.0,0,0,-1,-1.0
3912,listed_count,1,,,0.9520317762001608,0.9984226098820129,4,1,0.9927021259898942,1.0,0.5,1.0,0,0,1,-1.0
3963,listed_count,1,,,0.9475045312429975,0.7113289127627249,3,1,0.9927021259898942,1.0,0.5,1.0,0,0,-1,-1.0
3974,listed_count,1,,,0.952147718141946,0.999172174535654,5,1,0.9927021259898942,1.0,0.5,1.0,0,0,1,-1.0
4009,listed_count,1,,,0.952060761685607,0.9996365220125035,2,1,0.9927021259898942,1.0,0.5,1.0,0,0,1,-1.0
4024,listed_count,1,,,0.9562926425607654,0.9919582669177812,3,1,0.9927021259898942,1.0,0.5,1.0,0,0,-1,-1.0
4068,listed_count,1,,,0.952060761685607,0.99858608801993,4,0,0.9927021259898942,1.0,0.5,1.0,0,0,1,-1.0
4320,listed_count,1,,,0.952060761685607,0.9999947826126196,4,0,0.9927021259898942,1.0,0.5,1.0,0,0,1,-1.0
4445,listed_count,1,,,0.9536259778997067,0.9938034829212921,3,1,0.9927021259898942,1.0,0.5,1.0,0,0,-1,-1.0
4467,listed_count,1,,,0.9522636600837311,0.996906089283463,3,1,0.9927021259898942,1.0,0.5,1.0,0,0,1,-1.0
4543,listed_count,1,,,0.9555390199391619,0.9968678284426739,3,1,0.9927021259898942,1.0,0.5,1.0,0,0,-1,-1.0
4645,listed_count,1,,,0.952060761685607,0.9999791304504787,3,1,0.9927021259898942,1.0,0.5,1.0,0,0,1,-1.0
4708,listed_count,1,,,0.9528723552781032,0.9783565380172551,3,1,0.9927021259898942,1.0,0.5,1.0,0,0,-1,-1.0
1592,verified,1,,,0.41838151604096985,0.0,3,1,0.40663574438770206,1.0,0.5,0.8,0,0,-1,-1.0
1785,verified,1,,,0.41838151604096985,0.0,2,0,0.40663574438770206,1.0,0.5,0.8,0,0,-1,-1.0
1833,verified,1,,,0.41838151604096985,0.0,3,1,0.40663574438770206,1.0,0.5,0.8,0,0,-1,-1.0
2949,verified,1,,,0.41838151604096985,0.0,4,1,0.40663574438770206,1.0,0.5,0.8,0,0,-1,1.0
3488,verified,1,,,0.41838151604096985,0.0,2,1,0.40663574438770206,1.0,0.5,0.8,0,0,-1,-1.0
4153,verified,1,,,0.41838151604096985,0.0,3,1,0.40663574438770206,1.0,0.5,0.8,0,0,-1,-1.0
4708,verified,1,,,0.41838151604096985,0.0,3,1,0.40663574438770206,1.0,0.5,0.8,0,0,-1,-1.0
243,protected,0,,,0.0,0.0,3,0,0.020021799798087173,1.0,0.5,0.8,0,0,-1,1.0
372,protected,0,,,0.0,0.0,3,0,0.020021799798087173,1.0,0.5,0.8,0,0,-1,1.0
514,protected,0,,,0.0,0.0,3,0,0.020021799798087173,1.0,0.5,0.8,0,0,-1,1.0
620,protected,0,,,0.0,0.0,2,0,0.020021799798087173,1.0,0.5,0.8,0,0,-1,1.0
727,protected,0,,,0.0,0.0,2,0,0.020021799798087173,1.0,0.5,0.8,0,0,-1,1.0
1298,protected,0,,,0.0,0.0,3,0,0.020021799798087173,1.0,0.5,0.8,0,0,-1,1.0
1586,protected,0,,,0.0,0.0,3,0,0.020021799798087173,1.0,0.5,0.8,0,0,-1,1.0
1848,protected,0,,,0.0,0.0,3,0,0.020021799798087173,1.0,0.5,0.8,0,0,-1,1.0
2541,protected,0,,,0.0,0.0,4,0,0.020021799798087173,1.0,0.5,0.8,0,0,-1,1.0
2805,protected,0,,,0.0,0.0,3,0,0.020021799798087173,1.0,0.5,0.8,0,0,-1,1.0
3861,protected,0,,,0.0,0.0,3,0,0.020021799798087173,1.0,0.5,0.8,0,0,-1,1.0
4364,protected,0,,,0.0,0.0,3,0,0.020021799798087173,1.0,0.5,0.8,0,0,-1,1.0
7,geo_enabled,0,,,1.0,1.0,3,0,0.019997429269484647,1.0,0.5,0.3,0,0,-1,-1.0
145,geo_enabled,0,,,1.0,1.0,3,0,0.019997429269484647,1.0,0.5,0.3,0,0,-1,-1.0
289,geo_enabled,0,,,1.0,1.0,3,0,0.019997429269484647,1.0,0.5,0.3,0,0,-1,-1.0
398,geo_enabled,0,,,1.0,1.0,3,0,0.019997429269484647,1.0,0.5,0.3,0,0,-1,-1.0
500,geo_enabled,0,,,1.0,1.0,3,0,0.019997429269484647,1.0,0.5,0.3,0,0,-1,-1.0
538,geo_enabled,0,,,1.0,1.0,3,0,0.019997429269484647,1.0,0.5,0.3,0,0,-1,-1.0
699,geo_enabled,0,,,1.0,1.0,2,0,0.019997429269484647,1.0,0.5,0.3,0,0,-1,-1.0
740,geo_enabled,0,,,1.0,1.0,3,0,0.019997429269484647,1.0,0.5,0.3,0,0,-1,-1.0
832,geo_enabled,0,,,1.0,1.0,3,0,0.019997429269484647,1.0,0.5,0.3,0,0,-1,-1.0
971,geo_enabled,0,,,1.0,1.0,3,0,0.019997429269484647,1.0,0.5,0.3,0,0,-1,-1.0
1091,geo_enabled,0,,,1.0,1.0,3,0,0.019997429269484647,1.0,0.5,0.3,0,0,-1,-1.0
1177,geo_enabled,0,,,1.0,1.0,3,0,0.019997429269484647,1.0,0.5,0.3,0,0,-1,-1.0
1199,geo_enabled,0,,,1.0,1.0,3,0,0.019997429269484647,1.0,0.5,0.3,0,0,1,-1.0
1393,geo_enabled,0,,,1.0,1.0,3,0,0.019997429269484647,1.0,0.5,0.3,0,0,-1,-1.0
1572,geo_enabled,0,,,1.0,1.0,3,0,0.019997429269484647,1.0,0.5,0.3,0,0,-1,-1.0
1613,geo_enabled,0,,,1.0,1.0,3,0,0.019997429269484647,1.0,0.5,0.3,0,0,-1,-1.0
1749,geo_enabled,0,,,1.0,1.0,2,0,0.019997429269484647,1.0,0.5,0.3,0,0,-1,-1.0
1806,geo_enabled,0,,,1.0,1.0,3,0,0.019997429269484647,1.0,0.5,0.3,0,0,-1,-1.0
1945,geo_enabled,0,,,1.0,1.0,3,0,0.019997429269484647,1.0,0.5,0.3,0,0,-1,-1.0
1970,geo_enabled,0,,,1.0,1.0,4,0,0.019997429269484647,1.0,0.5,0.3,0,0,1,-1.0
1992,geo_enabled,0,,,1.0,1.0,2,0,0.019997429269484647,1.0,0.5,0.3,0,0,-1,-1.0
2083,geo_enabled,0,,,1.0,1.0,3,0,0.019997429269484647,1.0,0.5,0.3,0,0,-1,-1.0
2303,geo_enabled,0,,,1.0,1.0,3,0,0.019997429269484647,1.0,0.5,0.3,0,0,1,-1.0
2343,geo_enabled,0,,,1.0,1.0,3,0,0.019997429269484647,1.0,0.5,0.3,0,0,-1,-1.0
2481,geo_enabled,0,,,1.0,1.0,3,0,0.019997429269484647,1.0,0.5,0.3,0,0,-1,-1.0
2547,geo_enabled,0,,,1.0,1.0,3,0,0.019997429269484647,1.0,0.5,0.3,0,0,-1,-1.0
2735,geo_enabled,0,,,1.0,1.0,3,0,0.019997429269484647,1.0,0.5,0.3,0,0,-1,-1.0
2808,geo_enabled,0,,,1.0,1.0,3,0,0.019997429269484647,1.0,0.5,0.3,0,0,-1,-1.0
3107,geo_enabled,0,,,1.0,1.0,2,0,0.019997429269484647,1.0,0.5,0.3,0,0,-1,-1.0
3109,geo_enabled,0,,,1.0,1.0,3,0,0.019997429269484647,1.0,0.5,0.3,0,0,-1,-1.0
3256,geo_enabled,0,,,1.0,1.0,3,0,0.019997429269484647,1.0,0.5,0.3,0,0,-1,-1.0
3510,geo_enabled,0,,,1.0,1.0,3,0,0.019997429269484647,1.0,0.5,0.3,0,0,1,-1.0
3586,geo_enabled,0,,,1.0,1.0,2,0,0.019997429269484647,1.0,0.5,0.3,0,0,-1,-1.0
3724,geo_enabled,0,,,1.0,1.0,3,0,0.019997429269484647,1.0,0.5,0.3,0,0,-1,-1.0
3972,geo_enabled,0,,,1.0,1.0,3,0,0.019997429269484647,1.0,0.5,0.3,0,0,-1,-1.0
4022,geo_enabled,0,,,1.0,1.0,3,0,0.019997429269484647,1.0,0.5,0.3,0,0,-1,-1.0
4074,geo_enabled,0,,,1.0,1.0,3,0,0.019997429269484647,1.0,0.5,0.3,0,0,-1,-1.0
4166,geo_enabled,0,,,1.0,1.0,3,0,0.019997429269484647,1.0,0.5,0.3,0,0,-1,-1.0
4344,geo_enabled,0,,,1.0,1.0,3,0,0.019997429269484647,1.0,0.5,0.3,0,0,-1,-1.0
4406,geo_enabled,0,,,1.0,1.0,4,0,0.019997429269484647,1.0,0.5,0.3,0,0,1,-1.0
4469,geo_enabled,0,,,1.0,1.0,3,0,0.019997429269484647,1.0,0.5,0.3,0,0,-1,-1.0
4510,geo_enabled,0,,,1.0,1.0,3,0,0.019997429269484647,1.0,0.5,0.3,0,0,-1,-1.0
4689,geo_enabled,0,,,1.0,1.0,3,0,0.019997429269484647,1.0,0.5,0.3,0,0,-1,-1.0
58,profile_use_background_image,0,,,1.0,1.0,3,0,0.019997429269484647,1.0,0.5,0.3,1,0,1,-1.0
315,profile_use_background_image,0,,,1.0,1.0,4,0,0.019997429269484647,1.0,0.5,0.3,1,0,1,-1.0
423,profile_use_background_image,0,,,1.0,1.0,3,0,0.019997429269484647,1.0,0.5,0.3,1,0,1,-1.0
449,profile_use_background_image,0,,,1.0,1.0,3,0,0.019997429269484647,1.0,0.5,0.3,1,0,1,-1.0
468,profile_use_background_image,0,,,1.0,1.0,4,0,0.019997429269484647,1.0,0.5,0.3,1,0,1,-1.0
591,profile_use_background_image,0,,,1.0,1.0,3,0,0.019997429269484647,1.0,0.5,0.3,1,0,1,-1.0
701,profile_use_background_image,0,,,1.0,1.0,3,0,0.019997429269484647,1.0,0.5,0.3,1,0,1,-1.0
756,profile_use_background_image,0,,,1.0,1.0,4,0,0.019997429269484647,1.0,0.5,0.3,1,0,1,-1.0
791,profile_use_background_image,0,,,1.0,1.0,3,0,0.019997429269484647,1.0,0.5,0.3,1,0,1,-1.0
932,profile_use_background_image,0,,,1.0,1.0,3,0,0.019997429269484647,1.0,0.5,0.3,1,0,1,-1.0
951,profile_use_background_image,0,,,1.0,1.0,4,0,0.019997429269484647,1.0,0.5,0.3,1,0,1,-1.0
970,profile_use_background_image,0,,,1.0,1.0,3,0,0.019997429269484647,1.0,0.5,0.3,1,0,1,-1.0
1022,profile_use_background_image,0,,,1.0,1.0,3,0,0.019997429269484647,1.0,0.5,0.3,1,0,1,-1.0
1131,profile_use_background_image,0,,,1.0,1.0,3,0,0.019997429269484647,1.0,0.5,0.3,1,0,1,-1.0
1185,profile_use_background_image,0,,,1.0,1.0,3,0,0.019997429269484647,1.0,0.5,0.3,1,0,1,-1.0
1398,profile_use_background_image,0,,,1.0,1.0,4,0,0.019997429269484647,1.0,0.5,0.3,1,0,1,-1.0
1478,profile_use_background_image,0,,,1.0,1.0,3,0,0.019997429269484647,1.0,0.5,0.3,1,0,1,-1.0
1544,profile_use_background_image,0,,,1.0,1.0,4,0,0.019997429269484647,1.0,0.5,0.3,1,0,1,-1.0
1565,profile_use_background_image,0,,,1.0,1.0,3,0,0.019997429269484647,1.0,0.5,0.3,1,0,1,-1.0
1655,profile_use_background_image,0,,,1.0,1.0,2,0,0.019997429269484647,1.0,0.5,0.3,1,0,1,-1.0
1762,profile_use_background_image,0,,,1.0,1.0,3,0,0.019997429269484647,1.0,0.5,0.3,1,0,1,-1.0
1800,profile_use_background_image,0,,,1.0,1.0,3,0,0.019997429269484647,1.0,0.5,0.3,1,0,1,-1.0
1819,profile_use_background_image,0,,,1.0,1.0,3,0,0.019997429269484647,1.0,0.5,0.3,1,0,1,-1.0
1866,profile_use_background_image,0,,,1.0,1.0,4,0,0.019997429269484647,1.0,0.5,0.3,1,0,1,-1.0
1966,profile_use_background_image,0,,,1.0,1.0,3,0,0.019997429269484647,1.0,0.5,0.3,1,0,1,-1.0
1970,profile_use_background_image,0,,,1.0,1.0,4,0,0.019997429269484647,1.0,0.5,0.3,1,0,1,-1.0
1989,profile_use_background_image,0,,,1.0,1.0,3,0,0.019997429269484647,1.0,0.5,0.3,1,0,1,-1.0
2231,profile_use_background_image,0,,,1.0,1.0,3,0,0.019997429269484647,1.0,0.5,0.3,1,0,1,-1.0
2268,profile_use_background_image,0,,,1.0,1.0,3,0,0.019997429269484647,1.0,0.5,0.3,1,0,1,-1.0
2354,profile_use_background_image,0,,,1.0,1.0,3,0,0.019997429269484647,1.0,0.5,0.3,1,0,1,-1.0
2362,profile_use_background_image,0,,,1.0,1.0,3,0,0.019997429269484647,1.0,0.5,0.3,1,0,1,-1.0
2513,profile_use_background_image,0,,,1.0,1.0,3,0,0.019997429269484647,1.0,0.5,0.3,1,0,1,-1.0
2645,profile_use_background_image,0,,,1.0,1.0,3,0,0.019997429269484647,1.0,0.5,0.3,1,0,1,-1.0
2708,profile_use_background_image,0,,,1.0,1.0,4,0,0.019997429269484647,1.0,0.5,0.3,1,0,1,-1.0
2798,profile_use_background_image,0,,,1.0,1.0,3,0,0.019997429269484647,1.0,0.5,0.3,1,0,1,-1.0
2932,profile_use_background_image,0,,,1.0,1.0,3,0,0.019997429269484647,1.0,0.5,0.3,1,0,1,-1.0
3078,profile_use_background_image,0,,,1.0,1.0,2,0,0.019997429269484647,1.0,0.5,0.3,1,0,1,-1.0
3141,profile_use_background_image,0,,,1.0,1.0,3,0,0.019997429269484647,1.0,0.5,0.3,1,0,1,-1.0
3245,profile_use_background_image,0,,,1.0,1.0,4,0,0.019997429269484647,1.0,0.5,0.3,1,0,-1,-1.0
3337,profile_use_background_image,0,,,1.0,1.0,3,0,0.019997429269484647,1.0,0.5,0.3,1,0,1,-1.0
3437,profile_use_background_image,0,,,1.0,1.0,3,0,0.019997429269484647,1.0,0.5,0.3,1,0,1,-1.0
3688,profile_use_background_image,0,,,1.0,1.0,3,0,0.019997429269484647,1.0,0.5,0.3,1,0,1,-1.0
3795,profile_use_background_image,0,,,1.0,1.0,3,0,0.019997429269484647,1.0,0.5,0.3,1,0,1,-1.0
4024,profile_use_background_image,0,,,1.0,1.0,3,0,0.019997429269484647,1.0,0.5,0.3,1,0,-1,-1.0
4064,profile_use_background_image,0,,,1.0,1.0,3,0,0.019997429269484647,1.0,0.5,0.3,1,0,1,-1.0
4068,profile_use_background_image,0,,,1.0,1.0,4,0,0.019997429269484647,1.0,0.5,0.3,1,0,1,-1.0
4203,profile_use_background_image,0,,,1.0,1.0,3,0,0.019997429269484647,1.0,0.5,0.3,1,0,1,-1.0
4320,profile_use_background_image,0,,,1.0,1.0,4,0,0.019997429269484647,1.0,0.5,0.3,1,0,1,-1.0
4406,profile_use_background_image,0,,,1.0,1.0,4,0,0.019997429269484647,1.0,0.5,0.3,1,0,1,-1.0
4486,profile_use_background_image,0,,,1.0,1.0,4,0,0.019997429269484647,1.0,0.5,0.3,1,0,-1,-1.0
4573,profile_use_background_image,0,,,1.0,1.0,3,0,0.019997429269484647,1.0,0.5,0.3,1,0,1,-1.0
4675,profile_use_background_image,0,,,1.0,1.0,2,0,0.019997429269484647,1.0,0.5,0.3,1,0,1,-1.0
17,description_length,1,,,0.9136516837540829,0.7694767807516278,2,1,0.16492294307018104,1.0,0.5,1.0,0,0,-1,-1.0
65,description_length,1,,,0.7201525773357424,0.0,3,1,0.16492294307018104,1.0,0.5,1.0,0,0,1,1.0
239,description_length,0,,,0.0,0.0,2,1,0.16492294307018104,1.0,0.5,1.0,0,0,-1,-1.0
315,description_length,1,,,0.7201525773357424,0.6671821022101626,4,0,0.16492294307018104,1.0,0.5,1.0,0,0,1,1.0
367,description_length,0,,,0.0,0.0,2,1,0.16492294307018104,1.0,0.5,1.0,0,0,-1,-1.0
411,description_length,1,,,0.6901365331627773,0.0,4,1,0.16492294307018104,1.0,0.5,1.0,0,0,1,1.0
500,description_length,1,,,0.6421108624860332,0.12077003408550557,3,1,0.16492294307018104,1.0,0.5,1.0,0,0,-1,1.0
530,description_length,1,,,0.6901365331627773,0.389833854051965,4,1,0.16492294307018104,1.0,0.5,1.0,0,0,1,1.0
551,description_length,1,,,0.600088400643882,0.019195740604191602,3,1,0.16492294307018104,1.0,0.5,1.0,0,0,1,1.0
597,description_length,1,,,0.5580659388017308,0.03252286421698802,2,1,0.16492294307018104,1.0,0.5,1.0,0,0,-1,1.0
654,description_length,1,,,0.840216754027603,0.4128861759768022,4,1,0.16492294307018104,1.0,0.5,1.0,0,0,1,1.0
704,description_length,1,,,0.5894784066860597,0.07754693047643568,2,1,0.16492294307018104,1.0,0.5,1.0,0,0,-1,
756,description_length,1,,,0.600088400643882,0.40136001501438356,4,0,0.16492294307018104,1.0,0.5,1.0,0,0,1,1.0
858,description_length,0,,,0.0,0.0,2,1,0.16492294307018104,1.0,0.5,1.0,0,0,-1,-1.0
951,description_length,1,,,0.5700723564709169,0.40136001501438356,4,0,0.16492294307018104,1.0,0.5,1.0,0,0,1,
995,description_length,1,,,0.7201525773357424,0.0,3,1,0.16492294307018104,1.0,0.5,1.0,0,0,1,1.0
1055,description_length,1,,,0.5474559448439085,0.0,2,1,0.16492294307018104,1.0,0.5,1.0,0,0,-1,1.0
1142,description_length,1,,,0.7801846656816728,0.0,3,1,0.16492294307018104,1.0,0.5,1.0,0,0,1,-1.0
1205,description_length,1,,,0.600088400643882,0.0,2,1,0.16492294307018104,1.0,0.5,1.0,0,0,1,-1.0
1246,description_length,1,,,0.7201525773357424,0.18416391937880794,3,1,0.16492294307018104,1.0,0.5,1.0,0,0,1,1.0
1369,description_length,0,,,0.49943027416716423,0.02639959120570312,2,1,0.16492294307018104,1.0,0.5,1.0,0,0,-1,-1.0
1411,description_length,1,,,0.7201525773357424,0.0,3,1,0.16492294307018104,1.0,0.5,1.0,0,0,1,1.0
1497,description_length,1,,,0.600088400643882,0.30014591406314506,4,1,0.16492294307018104,1.0,0.5,1.0,0,0,1,1.0
1552,description_length,1,,,0.7201525773357424,0.0,3,1,0.16492294307018104,1.0,0.5,1.0,0,0,1,1.0
1617,description_length,1,,,0.5834751978514665,0.0,2,0,0.16492294307018104,1.0,0.5,1.0,0,0,-1,1.0
1685,description_length,1,,,0.6901365331627773,0.0,4,1,0.16492294307018104,1.0,0.5,1.0,0,0,1,1.0
1723,description_length,1,,,0.6901365331627773,0.0,3,0,0.16492294307018104,1.0,0.5,1.0,0,0,1,1.0
1762,description_length,1,,,0.600088400643882,0.16939602564570888,3,0,0.16492294307018104,1.0,0.5,1.0,0,0,1,1.0
1810,description_length,1,,,0.8282103363584169,0.7226517518418021,3,1,0.16492294307018104,1.0,0.5,1.0,0,0,-1,-1.0
1825,description_length,1,,,0.7201525773357424,0.4355783053715637,3,1,0.16492294307018104,1.0,0.5,1.0,0,0,1,-1.0
1958,description_length,1,,,0.840216754027603,0.0,3,1,0.16492294307018104,1.0,0.5,1.0,0,0,1,-1.0
1961,description_length,1,,,0.7215490010471062,0.07970808565688936,3,1,0.16492294307018104,1.0,0.5,1.0,0,0,-1,1.0
2034,description_length,1,,,0.7201525773357424,0.0,3,1,0.16492294307018104,1.0,0.5,1.0,0,0,1,1.0
2241,description_length,0,,,0.0,0.0,3,1,0.16492294307018104,1.0,0.5,1.0,0,0,-1,-1.0
2299,description_length,1,,,0.600088400643882,0.0,2,1,0.16492294307018104,1.0,0.5,1.0,0,0,1,-1.0
2481,description_length,1,,,0.8356099689043737,0.6437695877552498,3,1,0.16492294307018104,1.0,0.5,1.0,0,0,-1,-1.0
2668,description_length,1,,,0.5700723564709169,0.0,3,1,0.16492294307018104,1.0,0.5,1.0,0,0,1,1.0
2735,description_length,1,,,0.7861878745162658,0.7759602462929883,3,1,0.16492294307018104,1.0,0.5,1.0,0,0,-1,-1.0
3103,description_length,1,,,0.6601204889898122,0.7835242894245755,2,1,0.16492294307018104,1.0,0.5,1.0,0,0,1,-1.0
3146,description_length,1,,,0.5700723564709169,0.24071414660067425,3,0,0.16492294307018104,1.0,0.5,1.0,0,0,1,1.0
3162,description_length,1,,,0.5054334830017573,0.591181478364215,3,1,0.16492294307018104,1.0,0.5,1.0,0,0,-1,1.0
3214,description_length,1,,,0.7635714628892574,0.0,2,1,0.16492294307018104,1.0,0.5,1.0,0,0,-1,-1.0
3369,description_length,1,,,0.5400563122979518,0.0,3,1,0.16492294307018104,1.0,0.5,1.0,0,0,1,1.0
3400,description_length,1,,,0.5654655713476875,0.14994562902162756,2,0,0.16492294307018104,1.0,0.5,1.0,0,0,-1,1.0
3487,description_length,1,,,0.6495104950319899,0.5897407082439126,2,1,0.16492294307018104,1.0,0.5,1.0,0,0,-1,-1.0
3724,description_length,1,,,0.7801846656816728,0.0,3,1,0.16492294307018104,1.0,0.5,1.0,0,0,-1,-1.0
3960,description_length,1,,,0.5054334830017573,0.2828566726195172,2,1,0.16492294307018104,1.0,0.5,1.0,0,0,-1,1.0
3974,description_length,1,,,0.5700723564709169,0.13157580998777296,5,1,0.16492294307018104,1.0,0.5,1.0,0,0,1,1.0
4139,description_length,1,,,0.7201525773357424,0.3192361181571509,2,1,0.16492294307018104,1.0,0.5,1.0,0,0,1,-1.0
4180,description_length,1,,,0.5654655713476875,0.0,2,1,0.16492294307018104,1.0,0.5,1.0,0,0,-1,1.0
4266,description_length,1,,,0.6901365331627773,0.6679024872703139,3,1,0.16492294307018104,1.0,0.5,1.0,0,0,1,-1.0
4308,description_length,1,,,0.9002488423735333,0.9056295571201978,2,1,0.16492294307018104,1.0,0.5,1.0,0,0,-1,-1.0
4432,description_length,1,,,0.7215490010471062,0.8512404850787849,2,1,0.16492294307018104,1.0,0.5,1.0,0,0,-1,-1.0
4477,description_length,0,,,0.0,0.0,3,1,0.16492294307018104,1.0,0.5,1.0,0,0,-1,-1.0
4494,description_length,1,,,0.5474559448439085,0.6156745704093545,2,1,0.16492294307018104,1.0,0.5,1.0,0,0,-1,-1.0
4630,description_length,1,,,0.9242616777119054,0.7165284788305175,3,1,0.16492294307018104,1.0,0.5,1.0,0,0,-1,-1.0
4673,description_length,0,,,0.0,0.0,2,1,0.16492294307018104,1.0,0.5,1.0,0,0,-1,-1.0
4718,description_length,1,,,0.600088400643882,0.3538146010444069,3,0,0.16492294307018104,1.0,0.5,1.0,0,0,1,1.0
52,screen_name_length,0,,,1.0,1.0,3,0,0.019997429269484647,1.0,0.5,1.0,0,0,1,-1.0
58,screen_name_length,0,,,1.0,1.0,3,0,0.019997429269484647,1.0,0.5,1.0,0,0,1,-1.0
199,screen_name_length,0,,,1.0,1.0,3,0,0.019997429269484647,1.0,0.5,1.0,0,0,1,-1.0
241,screen_name_length,0,,,1.0,1.0,3,0,0.019997429269484647,1.0,0.5,1.0,0,0,1,-1.0
315,screen_name_length,0,,,1.0,1.0,4,0,0.019997429269484647,1.0,0.5,1.0,0,0,1,1.0
411,screen_name_length,0,,,1.0,1.0,4,0,0.019997429269484647,1.0,0.5,1.0,0,0,1,1.0
423,screen_name_length,0,,,1.0,1.0,3,0,0.019997429269484647,1.0,0.5,1.0,0,0,1,-1.0
442,screen_name_length,0,,,1.0,1.0,3,0,0.019997429269484647,1.0,0.5,1.0,0,0,1,-1.0
449,screen_name_length,0,,,1.0,1.0,3,0,0.019997429269484647,1.0,0.5,1.0,0,0,1,-1.0
466,screen_name_length,0,,,1.0,1.0,3,0,0.019997429269484647,1.0,0.5,1.0,0,0,1,-1.0
468,screen_name_length,0,,,1.0,1.0,4,0,0.019997429269484647,1.0,0.5,1.0,0,0,1,1.0
481,screen_name_length,0,,,1.0,1.0,3,0,0.019997429269484647,1.0,0.5,1.0,0,0,1,-1.0
493,screen_name_length,0,,,1.0,1.0,3,0,0.019997429269484647,1.0,0.5,1.0,0,0,1,-1.0
505,screen_name_length,0,,,1.0,1.0,3,0,0.019997429269484647,1.0,0.5,1.0,0,0,1,-1.0
530,screen_name_length,0,,,1.0,1.0,4,0,0.019997429269484647,1.0,0.5,1.0,0,0,1,1.0
551,screen_name_length,0,,,1.0,1.0,3,0,0.019997429269484647,1.0,0.5,1.0,0,0,1,-1.0
591,screen_name_length,0,,,1.0,1.0,3,0,0.019997429269484647,1.0,0.5,1.0,0,0,1,-1.0
646,screen_name_length,0,,,1.0,1.0,2,0,0.019997429269484647,1.0,0.5,1.0,0,0,1,-1.0
654,screen_name_length,0,,,1.0,1.0,4,0,0.019997429269484647,1.0,0.5,1.0,0,0,1,1.0
694,screen_name_length,0,,,1.0,1.0,2,0,0.019997429269484647,1.0,0.5,1.0,0,0,1,-1.0
747,screen_name_length,0,,,1.0,1.0,3,0,0.019997429269484647,1.0,0.5,1.0,0,0,1,-1.0
756,screen_name_length,0,,,1.0,1.0,4,0,0.019997429269484647,1.0,0.5,1.0,0,0,1,1.0
767,screen_name_length,0,,,1.0,1.0,3,0,0.019997429269484647,1.0,0.5,1.0,0,0,1,-1.0
786,screen_name_length,0,,,1.0,1.0,3,0,0.019997429269484647,1.0,0.5,1.0,0,0,1,-1.0
791,screen_name_length,0,,,1.0,1.0,3,0,0.019997429269484647,1.0,0.5,1.0,0,0,1,-1.0
932,screen_name_length,0,,,1.0,1.0,3,0,0.019997429269484647,1.0,0.5,1.0,0,0,1,-1.0
951,screen_name_length,0,,,1.0,1.0,4,0,0.019997429269484647,1.0,0.5,1.0,0,0,1,1.0
970,screen_name_length,0,,,1.0,1.0,3,0,0.019997429269484647,1.0,0.5,1.0,0,0,1,-1.0
1022,screen_name_length,0,,,1.0,1.0,3,0,0.019997429269484647,1.0,0.5,1.0,0,0,1,-1.0
1087,screen_name_length,0,,,1.0,1.0,3,0,0.019997429269484647,1.0,0.5,1.0,0,0,1,-1.0
1131,screen_name_length,0,,,1.0,1.0,3,0,0.019997429269484647,1.0,0.5,1.0,0,0,1,-1.0
1154,screen_name_length,0,,,1.0,1.0,3,0,0.019997429269484647,1.0,0.5,1.0,0,0,1,-1.0
1183,screen_name_length,0,,,1.0,1.0,4,0,0.019997429269484647,1.0,0.5,1.0,0,0,1,1.0
1185,screen_name_length,0,,,1.0,1.0,3,0,0.019997429269484647,1.0,0.5,1.0,0,0,1,-1.0
1398,screen_name_length,0,,,1.0,1.0,4,0,0.019997429269484647,1.0,0.5,1.0,0,0,1,1.0
1478,screen_name_length,0,,,1.0,1.0,3,0,0.019997429269484647,1.0,0.5,1.0,0,0,1,-1.0
1539,screen_name_length,0,,,1.0,1.0,3,0,0.019997429269484647,1.0,0.5,1.0,0,0,1,-1.0
1544,screen_name_length,0,,,1.0,1.0,4,0,0.019997429269484647,1.0,0.5,1.0,0,0,1,1.0
1547,screen_name_length,0,,,1.0,1.0,4,0,0.019997429269484647,1.0,0.5,1.0,0,0,1,1.0
1565,screen_name_length,0,,,1.0,1.0,3,0,0.019997429269484647,1.0,0.5,1.0,0,0,1,-1.0
1575,screen_name_length,0,,,1.0,1.0,4,0,0.019997429269484647,1.0,0.5,1.0,0,0,1,1.0
1621,screen_name_length,0,,,1.0,1.0,2,0,0.019997429269484647,1.0,0.5,1.0,0,0,1,-1.0
1685,screen_name_length,0,,,1.0,1.0,4,0,0.019997429269484647,1.0,0.5,1.0,0,0,1,1.0
1723,screen_name_length,0,,,1.0,1.0,3,0,0.019997429269484647,1.0,0.5,1.0,0,0,1,-1.0
1726,screen_name_length,0,,,1.0,1.0,2,0,0.019997429269484647,1.0,0.5,1.0,0,0,1,-1.0
1800,screen_name_length,0,,,1.0,1.0,3,0,0.019997429269484647,1.0,0.5,1.0,0,0,1,-1.0
1809,screen_name_length,0,,,1.0,1.0,3,0,0.019997429269484647,1.0,0.5,1.0,0,0,1,-1.0
1819,screen_name_length,0,,,1.0,1.0,3,0,0.019997429269484647,1.0,0.5,1.0,0,0,1,-1.0
1866,screen_name_length,0,,,1.0,1.0,4,0,0.019997429269484647,1.0,0.5,1.0,0,0,1,1.0
1966,screen_name_length,0,,,1.0,1.0,3,0,0.019997429269484647,1.0,0.5,1.0,0,0,1,-1.0
1969,screen_name_length,0,,,1.0,1.0,3,0,0.019997429269484647,1.0,0.5,1.0,0,0,1,-1.0
1970,screen_name_length,0,,,1.0,1.0,4,0,0.019997429269484647,1.0,0.5,1.0,0,0,1,1.0
1989,screen_name_length,0,,,1.0,1.0,3,0,0.019997429269484647,1.0,0.5,1.0,0,0,1,-1.0
2052,screen_name_length,0,,,1.0,1.0,3,0,0.019997429269484647,1.0,0.5,1.0,0,0,1,-1.0
2068,screen_name_length,0,,,1.0,1.0,3,0,0.019997429269484647,1.0,0.5,1.0,0,0,1,-1.0
2081,screen_name_length,0,,,1.0,1.0,3,0,0.019997429269484647,1.0,0.5,1.0,0,0,1,-1.0
2170,screen_name_length,0,,,1.0,1.0,4,0,0.019997429269484647,1.0,0.5,1.0,0,0,1,1.0
2198,screen_name_length,0,,,1.0,1.0,3,0,0.019997429269484647,1.0,0.5,1.0,0,0,1,-1.0
2231,screen_name_length,0,,,1.0,1.0,3,0,0.019997429269484647,1.0,0.5,1.0,0,0,1,-1.0
2250,screen_name_length,0,,,1.0,1.0,2,0,0.019997429269484647,1.0,0.5,1.0,0,0,1,-1.0
2268,screen_name_length,0,,,1.0,1.0,3,0,0.019997429269484647,1.0,0.5,1.0,0,0,1,-1.0
2303,screen_name_length,0,,,1.0,1.0,3,0,0.019997429269484647,1.0,0.5,1.0,0,0,1,-1.0
2354,screen_name_length,0,,,1.0,1.0,3,0,0.019997429269484647,1.0,0.5,1.0,0,0,1,-1.0
2359,screen_name_length,0,,,1.0,1.0,3,0,0.019997429269484647,1.0,0.5,1.0,0,0,1,-1.0
2362,screen_name_length,0,,,1.0,1.0,3,0,0.019997429269484647,1.0,0.5,1.0,0,0,1,-1.0
2504,screen_name_length,0,,,1.0,1.0,3,0,0.019997429269484647,1.0,0.5,1.0,0,0,1,-1.0
2592,screen_name_length,0,,,1.0,1.0,3,0,0.019997429269484647,1.0,0.5,1.0,0,0,1,-1.0
2707,screen_name_length,0,,,1.0,1.0,3,0,0.019997429269484647,1.0,0.5,1.0,0,0,-1,-1.0
2708,screen_name_length,0,,,1.0,1.0,4,0,0.019997429269484647,1.0,0.5,1.0,0,0,1,1.0
2737,screen_name_length,0,,,1.0,1.0,3,0,0.019997429269484647,1.0,0.5,1.0,0,0,1,-1.0
2874,screen_name_length,0,,,1.0,1.0,3,0,0.019997429269484647,1.0,0.5,1.0,0,0,1,-1.0
2932,screen_name_length,0,,,1.0,1.0,3,0,0.019997429269484647,1.0,0.5,1.0,0,0,1,-1.0
2963,screen_name_length,0,,,1.0,1.0,2,0,0.019997429269484647,1.0,0.5,1.0,0,0,1,-1.0
3019,screen_name_length,0,,,1.0,1.0,2,0,0.019997429269484647,1.0,0.5,1.0,0,0,1,-1.0
3141,screen_name_length,0,,,1.0,1.0,3,0,0.019997429269484647,1.0,0.5,1.0,0,0,1,-1.0
3146,screen_name_length,0,,,1.0,1.0,3,0,0.019997429269484647,1.0,0.5,1.0,0,0,1,-1.0
3153,screen_name_length,0,,,1.0,1.0,3,0,0.019997429269484647,1.0,0.5,1.0,0,0,1,-1.0
3317,screen_name_length,0,,,1.0,1.0,4,0,0.019997429269484647,1.0,0.5,1.0,0,0,1,1.0
3337,screen_name_length,0,,,1.0,1.0,3,0,0.019997429269484647,1.0,0.5,1.0,0,0,1,-1.0
3437,screen_name_length,0,,,1.0,1.0,3,0,0.019997429269484647,1.0,0.5,1.0,0,0,1,-1.0
3510,screen_name_length,0,,,1.0,1.0,3,0,0.019997429269484647,1.0,0.5,1.0,0,0,1,-1.0
3675,screen_name_length,0,,,1.0,1.0,2,0,0.019997429269484647,1.0,0.5,1.0,0,0,1,-1.0
3728,screen_name_length,0,,,1.0,1.0,3,0,0.019997429269484647,1.0,0.5,1.0,0,0,1,-1.0
3910,screen_name_length,0,,,1.0,1.0,3,0,0.019997429269484647,1.0,0.5,1.0,0,0,1,-1.0
3912,screen_name_length,0,,,1.0,1.0,4,0,0.019997429269484647,1.0,0.5,1.0,0,0,1,1.0
3922,screen_name_length,0,,,1.0,1.0,3,0,0.019997429269484647,1.0,0.5,1.0,0,0,1,-1.0
3974,screen_name_length,0,,,1.0,1.0,5,0,0.019997429269484647,1.0,0.5,1.0,0,0,1,1.0
3991,screen_name_length,0,,,1.0,1.0,2,0,0.019997429269484647,1.0,0.5,1.0,0,0,1,-1.0
4049,screen_name_length,0,,,1.0,1.0,3,0,0.019997429269484647,1.0,0.5,1.0,0,0,1,-1.0
4064,screen_name_length,0,,,1.0,1.0,3,0,0.019997429269484647,1.0,0.5,1.0,0,0,1,-1.0
4068,screen_name_length,0,,,1.0,1.0,4,0,0.019997429269484647,1.0,0.5,1.0,0,0,1,1.0
4108,screen_name_length,0,,,1.0,1.0,3,0,0.019997429269484647,1.0,0.5,1.0,0,0,1,-1.0
4203,screen_name_length,0,,,1.0,1.0,3,0,0.019997429269484647,1.0,0.5,1.0,0,0,1,-1.0
4320,screen_name_length,0,,,1.0,1.0,4,0,0.019997429269484647,1.0,0.5,1.0,0,0,1,1.0
4343,screen_name_length,0,,,1.0,1.0,3,0,0.019997429269484647,1.0,0.5,1.0,0,0,1,-1.0
4360,screen_name_length,0,,,1.0,1.0,2,0,0.019997429269484647,1.0,0.5,1.0,0,0,1,-1.0
4406,screen_name_length,0,,,1.0,1.0,4,0,0.019997429269484647,1.0,0.5,1.0,0,0,1,1.0
4467,screen_name_length,0,,,1.0,1.0,3,0,0.019997429269484647,1.0,0.5,1.0,0,0,1,-1.0
4573,screen_name_length,0,,,1.0,1.0,3,0,0.019997429269484647,1.0,0.5,1.0,0,0,1,-1.0
4718,screen_name_length,0,,,1.0,1.0,3,0,0.019997429269484647,1.0,0.5,1.0,0,0,1,-1.0
65,name_length,1,,,0.8890615593737681,0.7094149785365447,3,1,0.02771760198021504,1.0,0.5,1.0,0,0,1,-1.0
289,name_length,0,,,0.0,0.0,3,1,0.02771760198021504,1.0,0.5,1.0,0,0,-1,1.0
306,name_length,1,,,0.5038162657669143,0.0,2,1,0.02771760198021504,1.0,0.5,1.0,0,0,-1,1.0
334,name_length,1,,,0.5038162657669143,0.0,3,1,0.02771760198021504,1.0,0.5,1.0,0,0,-1,1.0
468,name_length,1,,,0.9458333147947232,0.7391339011862165,4,0,0.02771760198021504,1.0,0.5,1.0,0,0,1,1.0
517,name_length,0,,,0.0,0.0,2,0,0.02771760198021504,1.0,0.5,1.0,0,0,-1,1.0
695,name_length,1,,,0.6689213915984231,0.4353404696562402,2,1,0.02771760198021504,1.0,0.5,1.0,0,0,-1,-1.0
701,name_length,1,,,0.9458333147947232,0.6929044659533938,3,0,0.02771760198021504,1.0,0.5,1.0,0,0,1,-1.0
747,name_length,0,,,0.0,0.0,3,0,0.02771760198021504,1.0,0.5,1.0,0,0,-1,1.0
836,name_length,0,,,0.0,0.0,2,0,0.02771760198021504,1.0,0.5,1.0,0,0,-1,1.0
928,name_length,0,,,0.12030768563717953,0.0,2,1,0.02771760198021504,1.0,0.5,1.0,0,0,-1,-1.0
983,name_length,0,,,0.0,0.0,2,1,0.02771760198021504,1.0,0.5,1.0,0,0,-1,-1.0
1159,name_length,1,,,0.9458333147947232,0.8712180018514233,3,1,0.02771760198021504,1.0,0.5,1.0,0,0,1,-1.0
1183,name_length,1,,,0.7789914754860955,0.3626942142903764,4,1,0.02771760198021504,1.0,0.5,1.0,0,0,1,
1197,name_length,1,,,0.5605880211878695,0.8117801565520799,3,1,0.02771760198021504,1.0,0.5,1.0,0,0,-1,-1.0
1411,name_length,1,,,0.8890615593737681,0.6136540055542696,3,1,0.02771760198021504,1.0,0.5,1.0,0,0,1,-1.0
1622,name_length,1,,,0.5038162657669143,0.0,2,1,0.02771760198021504,1.0,0.5,1.0,0,0,-1,1.0
1694,name_length,0,,,0.0,0.0,2,1,0.02771760198021504,1.0,0.5,1.0,0,0,-1,-1.0
1756,name_length,1,,,0.5038162657669143,0.30655847150766347,2,1,0.02771760198021504,1.0,0.5,1.0,0,0,-1,1.0
1766,name_length,1,,,0.8890615593737681,0.8315927716518612,2,1,0.02771760198021504,1.0,0.5,1.0,0,0,1,-1.0
1847,name_length,0,,,0.0,0.0,3,1,0.02771760198021504,1.0,0.5,1.0,0,0,-1,1.0
1866,name_length,1,,,0.9458333147947232,0.5277993401218851,4,0,0.02771760198021504,1.0,0.5,1.0,0,0,1,1.0
1975,name_length,1,,,0.6689213915984231,0.4089236495231987,2,1,0.02771760198021504,1.0,0.5,1.0,0,0,-1,-1.0
2497,name_length,1,,,0.8890615593737681,0.5509140577382962,3,1,0.02771760198021504,1.0,0.5,1.0,0,0,1,-1.0
2689,name_length,1,,,0.8890615593737681,0.207495396008758,2,1,0.02771760198021504,1.0,0.5,1.0,0,0,1,-1.0
2708,name_length,1,,,0.890798272850887,0.0,4,0,0.02771760198021504,1.0,0.5,1.0,0,0,1,1.0
2764,name_length,1,,,0.5038162657669143,0.0,3,1,0.02771760198021504,1.0,0.5,1.0,0,0,-1,1.0
3112,name_length,0,,,0.0,0.0,3,1,0.02771760198021504,1.0,0.5,1.0,0,0,-1,1.0
3317,name_length,1,,,0.8890615593737681,0.009369245010947602,4,1,0.02771760198021504,1.0,0.5,1.0,0,0,1,1.0
3369,name_length,1,,,0.7789914754860955,0.38911103442341777,3,1,0.02771760198021504,1.0,0.5,1.0,0,0,1,1.0
3402,name_length,0,,,0.0,0.0,2,1,0.02771760198021504,1.0,0.5,1.0,0,0,-1,-1.0
3550,name_length,0,,,0.28367609799156934,0.0,2,1,0.02771760198021504,1.0,0.5,1.0,0,0,-1,-1.0
3595,name_length,1,,,0.5588513077107506,0.22070380607527862,2,1,0.02771760198021504,1.0,0.5,1.0,0,0,-1,1.0
3902,name_length,1,,,0.5588513077107506,0.0,3,1,0.02771760198021504,1.0,0.5,1.0,0,0,-1,1.0
4195,name_length,0,,,0.0,0.0,2,1,0.02771760198021504,1.0,0.5,1.0,0,0,-1,-1.0
4343,name_length,1,,,0.9458333147947232,0.9867915899334793,3,0,0.02771760198021504,1.0,0.5,1.0,0,0,1,-1.0
4380,name_length,1,,,0.6138863496545868,0.055598680243769905,2,1,0.02771760198021504,1.0,0.5,1.0,0,0,-1,1.0
4401,name_length,1,,,0.8890615593737681,0.207495396008758,3,1,0.02771760198021504,1.0,0.5,1.0,0,0,1,-1.0
4427,name_length,0,,,0.0,0.0,3,1,0.02771760198021504,1.0,0.5,1.0,0,0,-1,1.0
4555,name_length,1,,,0.5588513077107506,0.0,3,1,0.02771760198021504,1.0,0.5,1.0,0,0,-1,1.0
4645,name_length,1,,,0.7789914754860955,0.5443098527050358,3,1,0.02771760198021504,1.0,0.5,1.0,0,0,1,-1.0
76,has_description,0,,,1.0,1.0,3,0,0.01999866158985743,1.0,0.5,0.3,0,0,-1,-1.0
815,has_description,0,,,1.0,1.0,3,0,0.01999866158985743,1.0,0.5,0.3,0,0,-1,-1.0
1463,has_description,0,,,1.0,1.0,3,0,0.01999866158985743,1.0,0.5,0.3,0,0,-1,-1.0
3723,has_description,0,,,1.0,1.0,2,0,0.01999866158985743,1.0,0.5,0.3,0,0,-1,-1.0
4654,has_description,0,,,1.0,1.0,3,0,0.01999866158985743,1.0,0.5,0.3,0,0,-1,-1.0
228,has_location,0,,,1.0,1.0,3,0,0.01999866158985743,1.0,0.5,0.3,0,0,-1,-1.0
341,has_location,0,,,1.0,1.0,2,0,0.01999866158985743,1.0,0.5,0.3,0,0,-1,-1.0
426,has_location,0,,,1.0,1.0,3,0,0.01999866158985743,1.0,0.5,0.3,0,0,-1,-1.0
505,has_location,0,,,1.0,1.0,3,0,0.01999866158985743,1.0,0.5,0.3,0,0,-1,-1.0
762,has_location,0,,,1.0,1.0,3,0,0.01999866158985743,1.0,0.5,0.3,0,0,-1,-1.0
865,has_location,0,,,1.0,1.0,3,0,0.01999866158985743,1.0,0.5,0.3,0,0,-1,-1.0
1039,has_location,0,,,1.0,1.0,4,0,0.01999866158985743,1.0,0.5,0.3,0,0,-1,-1.0
1146,has_location,0,,,1.0,1.0,3,0,0.01999866158985743,1.0,0.5,0.3,0,0,-1,-1.0
1350,has_location,0,,,1.0,1.0,3,0,0.01999866158985743,1.0,0.5,0.3,0,0,-1,-1.0
1557,has_location,0,,,1.0,1.0,3,0,0.01999866158985743,1.0,0.5,0.3,0,0,-1,-1.0
1693,has_location,0,,,1.0,1.0,3,0,0.01999866158985743,1.0,0.5,0.3,0,0,-1,-1.0
1973,has_location,0,,,1.0,1.0,3,0,0.01999866158985743,1.0,0.5,0.3,0,0,-1,-1.0
2015,has_location,0,,,1.0,1.0,3,0,0.01999866158985743,1.0,0.5,0.3,0,0,-1,-1.0
2140,has_location,0,,,1.0,1.0,3,0,0.01999866158985743,1.0,0.5,0.3,0,0,-1,-1.0
2327,has_location,0,,,1.0,1.0,3,0,0.01999866158985743,1.0,0.5,0.3,0,0,-1,-1.0
2513,has_location,0,,,1.0,1.0,3,0,0.01999866158985743,1.0,0.5,0.3,0,0,-1,-1.0
2658,has_location,0,,,1.0,1.0,3,0,0.01999866158985743,1.0,0.5,0.3,0,0,-1,-1.0
2762,has_location,0,,,1.0,1.0,3,0,0.01999866158985743,1.0,0.5,0.3,0,0,-1,-1.0
2909,has_location,0,,,1.0,1.0,3,0,0.01999866158985743,1.0,0.5,0.3,0,0,-1,-1.0
3187,has_location,0,,,1.0,1.0,3,0,0.01999866158985743,1.0,0.5,0.3,0,0,-1,-1.0
3330,has_location,0,,,1.0,1.0,3,0,0.01999866158985743,1.0,0.5,0.3,0,0,-1,
3635,has_location,0,,,1.0,1.0,2,0,0.01999866158985743,1.0,0.5,0.3,0,0,-1,-1.0
3764,has_location,0,,,1.0,1.0,3,0,0.01999866158985743,1.0,0.5,0.3,0,0,-1,-1.0
3948,has_location,0,,,1.0,1.0,3,0,0.01999866158985743,1.0,0.5,0.3,0,0,-1,-1.0
4255,has_location,0,,,1.0,1.0,3,0,0.01999866158985743,1.0,0.5,0.3,0,0,-1,-1.0
4423,has_location,0,,,1.0,1.0,3,0,0.01999866158985743,1.0,0.5,0.3,0,0,-1,-1.0
4543,has_location,0,,,1.0,1.0,3,0,0.01999866158985743,1.0,0.5,0.3,0,0,-1,-1.0
4665,has_location,0,,,1.0,1.0,3,0,0.01999866158985743,1.0,0.5,0.3,0,0,-1,-1.0
